"rating","day","blog"
"Conservative",182,"ha"
"Conservative",299,"ha"
"Liberal",345,"db"
"Conservative",90,"ha"
"Conservative",321,"at"
"Conservative",271,"at"
"Conservative",76,"at"
"Conservative",112,"ha"
"Liberal",71,"tpm"
"Conservative",116,"at"
"Conservative",96,"mm"
"Liberal",240,"tpm"
"Conservative",8,"at"
"Conservative",220,"at"
"Conservative",105,"ha"
"Liberal",160,"tp"
"Conservative",200,"at"
"Conservative",226,"ha"
"Liberal",270,"tpm"
"Liberal",37,"tp"
"Conservative",27,"ha"
"Liberal",141,"db"
"Conservative",29,"ha"
"Conservative",235,"at"
"Conservative",97,"ha"
"Conservative",58,"at"
"Liberal",351,"db"
"Conservative",231,"mm"
"Conservative",299,"ha"
"Conservative",143,"ha"
"Conservative",23,"at"
"Liberal",245,"db"
"Conservative",220,"at"
"Liberal",239,"tpm"
"Conservative",70,"ha"
"Conservative",92,"ha"
"Liberal",116,"tpm"
"Liberal",301,"db"
"Conservative",19,"mm"
"Conservative",11,"at"
"Conservative",244,"mm"
"Conservative",275,"ha"
"Liberal",281,"tp"
"Liberal",268,"tpm"
"Conservative",225,"ha"
"Liberal",244,"tp"
"Liberal",151,"tp"
"Liberal",192,"db"
"Conservative",122,"at"
"Liberal",134,"tp"
"Conservative",24,"ha"
"Conservative",287,"at"
"Conservative",357,"at"
"Liberal",173,"tp"
"Conservative",140,"mm"
"Conservative",146,"ha"
"Conservative",196,"ha"
"Liberal",239,"tpm"
"Liberal",317,"db"
"Conservative",102,"ha"
"Conservative",310,"ha"
"Conservative",276,"ha"
"Conservative",115,"ha"
"Liberal",70,"tpm"
"Liberal",19,"tpm"
"Liberal",182,"db"
"Liberal",303,"tpm"
"Liberal",273,"tp"
"Conservative",202,"mm"
"Liberal",301,"db"
"Conservative",353,"ha"
"Conservative",242,"at"
"Conservative",115,"at"
"Conservative",129,"mm"
"Liberal",80,"db"
"Conservative",253,"mm"
"Liberal",259,"tpm"
"Conservative",158,"ha"
"Liberal",178,"db"
"Liberal",84,"tpm"
"Liberal",297,"tpm"
"Liberal",311,"db"
"Conservative",175,"at"
"Conservative",127,"ha"
"Conservative",217,"ha"
"Liberal",296,"db"
"Liberal",163,"tpm"
"Conservative",170,"ha"
"Conservative",15,"at"
"Conservative",341,"ha"
"Conservative",215,"at"
"Liberal",228,"tp"
"Conservative",298,"at"
"Conservative",240,"ha"
"Conservative",123,"at"
"Liberal",4,"db"
"Conservative",267,"ha"
"Conservative",129,"at"
"Conservative",198,"at"
"Conservative",65,"at"
"Conservative",107,"mm"
"Liberal",28,"tpm"
"Liberal",3,"db"
"Conservative",185,"ha"
"Liberal",175,"db"
"Conservative",226,"at"
"Conservative",10,"ha"
"Liberal",249,"tp"
"Conservative",136,"mm"
"Conservative",344,"at"
"Conservative",95,"ha"
"Liberal",151,"tpm"
"Liberal",223,"db"
"Conservative",134,"ha"
"Liberal",172,"db"
"Liberal",155,"tp"
"Liberal",123,"tp"
"Liberal",154,"db"
"Conservative",229,"ha"
"Liberal",197,"db"
"Liberal",16,"tpm"
"Liberal",316,"db"
"Conservative",134,"at"
"Conservative",197,"at"
"Liberal",94,"db"
"Conservative",235,"at"
"Conservative",320,"ha"
"Conservative",285,"at"
"Liberal",240,"tpm"
"Liberal",7,"tp"
"Liberal",281,"db"
"Liberal",366,"db"
"Conservative",347,"at"
"Liberal",43,"tpm"
"Conservative",183,"at"
"Conservative",3,"at"
"Conservative",230,"at"
"Liberal",358,"tp"
"Conservative",221,"ha"
"Conservative",328,"at"
"Conservative",64,"at"
"Conservative",199,"at"
"Conservative",255,"ha"
"Conservative",306,"ha"
"Liberal",265,"db"
"Conservative",234,"at"
"Conservative",201,"at"
"Liberal",184,"tp"
"Conservative",267,"at"
"Liberal",9,"tpm"
"Liberal",269,"tp"
"Liberal",192,"tpm"
"Liberal",259,"db"
"Conservative",278,"at"
"Conservative",32,"at"
"Conservative",117,"ha"
"Conservative",17,"ha"
"Conservative",203,"ha"
"Conservative",306,"mm"
"Conservative",66,"ha"
"Conservative",23,"ha"
"Liberal",299,"tp"
"Liberal",71,"tp"
"Conservative",250,"ha"
"Liberal",129,"tp"
"Liberal",351,"tp"
"Liberal",365,"tpm"
"Conservative",338,"ha"
"Liberal",291,"tpm"
"Conservative",93,"ha"
"Conservative",114,"mm"
"Conservative",133,"ha"
"Liberal",187,"tpm"
"Liberal",137,"tp"
"Conservative",290,"at"
"Liberal",36,"db"
"Conservative",301,"at"
"Conservative",173,"ha"
"Conservative",16,"ha"
"Liberal",83,"tp"
"Liberal",263,"tp"
"Liberal",255,"tp"
"Liberal",126,"tp"
"Conservative",179,"mm"
"Liberal",227,"tp"
"Liberal",98,"db"
"Liberal",304,"tp"
"Conservative",122,"at"
"Liberal",325,"tp"
"Conservative",201,"at"
"Conservative",199,"ha"
"Conservative",250,"at"
"Conservative",205,"ha"
"Liberal",310,"tp"
"Conservative",93,"ha"
"Liberal",252,"tpm"
"Conservative",206,"at"
"Conservative",119,"ha"
"Conservative",206,"ha"
"Liberal",243,"tpm"
"Conservative",288,"at"
"Liberal",111,"db"
"Liberal",258,"tp"
"Conservative",235,"ha"
"Liberal",205,"tp"
"Conservative",331,"at"
"Conservative",176,"at"
"Liberal",342,"tpm"
"Conservative",44,"ha"
"Conservative",65,"ha"
"Conservative",306,"at"
"Conservative",67,"at"
"Conservative",325,"ha"
"Conservative",141,"at"
"Conservative",304,"ha"
"Liberal",242,"tp"
"Conservative",149,"at"
"Liberal",56,"db"
"Conservative",225,"ha"
"Conservative",292,"ha"
"Liberal",292,"db"
"Conservative",123,"at"
"Liberal",253,"tpm"
"Liberal",157,"db"
"Conservative",242,"ha"
"Liberal",344,"tp"
"Conservative",74,"at"
"Conservative",98,"ha"
"Conservative",46,"ha"
"Liberal",275,"tpm"
"Conservative",136,"at"
"Conservative",11,"ha"
"Conservative",259,"ha"
"Conservative",159,"at"
"Conservative",309,"ha"
"Conservative",166,"ha"
"Conservative",337,"at"
"Conservative",76,"at"
"Liberal",118,"tpm"
"Conservative",255,"ha"
"Conservative",249,"ha"
"Liberal",307,"tpm"
"Liberal",297,"db"
"Liberal",92,"db"
"Liberal",224,"db"
"Conservative",281,"at"
"Liberal",189,"tp"
"Liberal",290,"tp"
"Conservative",264,"at"
"Liberal",359,"tp"
"Conservative",78,"at"
"Liberal",305,"db"
"Liberal",241,"tpm"
"Liberal",275,"tp"
"Liberal",275,"tp"
"Liberal",256,"db"
"Conservative",125,"ha"
"Conservative",249,"mm"
"Conservative",307,"ha"
"Liberal",353,"tpm"
"Liberal",56,"tpm"
"Liberal",26,"tp"
"Conservative",225,"ha"
"Liberal",193,"tpm"
"Conservative",227,"ha"
"Liberal",253,"db"
"Conservative",85,"ha"
"Liberal",16,"db"
"Liberal",278,"db"
"Conservative",180,"ha"
"Conservative",106,"at"
"Liberal",361,"tpm"
"Conservative",323,"mm"
"Conservative",131,"at"
"Conservative",61,"ha"
"Liberal",60,"db"
"Conservative",173,"at"
"Conservative",221,"mm"
"Conservative",181,"ha"
"Conservative",43,"at"
"Conservative",69,"at"
"Conservative",116,"mm"
"Conservative",138,"ha"
"Liberal",247,"tpm"
"Conservative",64,"at"
"Conservative",198,"ha"
"Liberal",257,"db"
"Conservative",102,"at"
"Conservative",100,"at"
"Conservative",294,"at"
"Conservative",83,"ha"
"Conservative",214,"mm"
"Conservative",130,"ha"
"Conservative",359,"at"
"Liberal",87,"tpm"
"Liberal",2,"db"
"Conservative",61,"ha"
"Conservative",314,"at"
"Liberal",282,"tp"
"Conservative",21,"at"
"Conservative",323,"mm"
"Conservative",127,"ha"
"Conservative",21,"ha"
"Conservative",173,"ha"
"Liberal",157,"tpm"
"Conservative",273,"at"
"Conservative",156,"at"
"Conservative",251,"ha"
"Conservative",256,"mm"
"Conservative",2,"ha"
"Conservative",346,"ha"
"Liberal",290,"tp"
"Conservative",4,"at"
"Conservative",338,"mm"
"Liberal",234,"db"
"Liberal",35,"db"
"Conservative",131,"at"
"Liberal",133,"tpm"
"Liberal",250,"db"
"Conservative",288,"at"
"Liberal",333,"db"
"Conservative",134,"ha"
"Conservative",270,"ha"
"Conservative",344,"at"
"Conservative",21,"ha"
"Liberal",218,"db"
"Conservative",319,"at"
"Conservative",363,"ha"
"Liberal",270,"db"
"Liberal",317,"tpm"
"Conservative",11,"mm"
"Liberal",216,"db"
"Liberal",186,"tp"
"Conservative",273,"ha"
"Conservative",218,"at"
"Conservative",257,"at"
"Conservative",242,"ha"
"Liberal",88,"tp"
"Conservative",260,"ha"
"Liberal",338,"tp"
"Conservative",135,"ha"
"Liberal",194,"tp"
"Conservative",303,"at"
"Liberal",320,"db"
"Conservative",172,"ha"
"Conservative",192,"ha"
"Conservative",351,"at"
"Liberal",126,"tpm"
"Conservative",287,"ha"
"Liberal",148,"tp"
"Conservative",354,"ha"
"Liberal",296,"db"
"Conservative",44,"at"
"Conservative",93,"at"
"Liberal",296,"tp"
"Conservative",211,"ha"
"Conservative",52,"at"
"Liberal",224,"db"
"Liberal",284,"tpm"
"Conservative",94,"ha"
"Liberal",273,"db"
"Liberal",66,"tp"
"Liberal",24,"db"
"Liberal",185,"tpm"
"Conservative",312,"ha"
"Conservative",197,"at"
"Conservative",246,"at"
"Liberal",340,"tp"
"Conservative",307,"at"
"Conservative",10,"mm"
"Liberal",137,"tpm"
"Conservative",340,"at"
"Conservative",349,"at"
"Liberal",22,"tpm"
"Liberal",348,"db"
"Liberal",112,"tpm"
"Liberal",345,"tpm"
"Liberal",259,"tpm"
"Liberal",310,"tpm"
"Liberal",78,"tpm"
"Liberal",126,"tp"
"Liberal",255,"tpm"
"Conservative",338,"ha"
"Conservative",30,"mm"
"Liberal",295,"db"
"Conservative",218,"ha"
"Conservative",24,"at"
"Conservative",161,"ha"
"Conservative",22,"at"
"Liberal",238,"tpm"
"Conservative",63,"mm"
"Conservative",86,"ha"
"Conservative",361,"at"
"Liberal",275,"tp"
"Liberal",331,"tp"
"Liberal",24,"tpm"
"Conservative",74,"ha"
"Liberal",282,"tp"
"Conservative",281,"ha"
"Conservative",99,"ha"
"Liberal",123,"db"
"Conservative",63,"ha"
"Conservative",246,"mm"
"Conservative",78,"ha"
"Liberal",192,"tp"
"Liberal",164,"db"
"Conservative",11,"at"
"Conservative",238,"mm"
"Conservative",288,"ha"
"Conservative",64,"ha"
"Conservative",25,"at"
"Conservative",249,"at"
"Liberal",118,"db"
"Conservative",346,"at"
"Liberal",21,"tpm"
"Liberal",346,"tp"
"Conservative",18,"at"
"Conservative",222,"ha"
"Conservative",79,"at"
"Conservative",273,"at"
"Conservative",197,"ha"
"Liberal",243,"tp"
"Liberal",256,"tpm"
"Liberal",224,"tp"
"Conservative",59,"ha"
"Conservative",174,"ha"
"Conservative",137,"at"
"Conservative",290,"ha"
"Liberal",203,"tpm"
"Conservative",6,"at"
"Liberal",351,"tp"
"Conservative",186,"ha"
"Liberal",231,"db"
"Conservative",44,"mm"
"Liberal",8,"tpm"
"Conservative",366,"at"
"Conservative",254,"ha"
"Conservative",148,"at"
"Liberal",341,"tp"
"Conservative",287,"ha"
"Conservative",126,"ha"
"Conservative",66,"ha"
"Liberal",226,"tpm"
"Conservative",272,"at"
"Liberal",274,"tpm"
"Conservative",101,"ha"
"Liberal",231,"tp"
"Liberal",226,"db"
"Liberal",206,"tpm"
"Liberal",271,"tp"
"Conservative",116,"mm"
"Liberal",293,"db"
"Liberal",353,"tp"
"Conservative",338,"at"
"Conservative",260,"ha"
"Conservative",58,"ha"
"Conservative",214,"ha"
"Conservative",252,"ha"
"Liberal",305,"db"
"Conservative",51,"at"
"Conservative",312,"ha"
"Conservative",344,"ha"
"Liberal",298,"tp"
"Liberal",212,"tp"
"Conservative",233,"at"
"Liberal",280,"tpm"
"Liberal",170,"tp"
"Conservative",61,"ha"
"Liberal",60,"tp"
"Conservative",268,"at"
"Liberal",281,"db"
"Conservative",74,"at"
"Conservative",322,"ha"
"Conservative",92,"ha"
"Conservative",102,"at"
"Liberal",275,"tpm"
"Liberal",134,"tpm"
"Conservative",184,"ha"
"Liberal",297,"db"
"Liberal",256,"db"
"Conservative",269,"at"
"Conservative",136,"at"
"Conservative",84,"ha"
"Liberal",157,"tp"
"Conservative",289,"at"
"Liberal",9,"db"
"Conservative",355,"at"
"Liberal",290,"db"
"Conservative",235,"at"
"Liberal",289,"tpm"
"Conservative",156,"ha"
"Liberal",204,"tpm"
"Liberal",71,"db"
"Conservative",89,"at"
"Liberal",45,"tp"
"Conservative",196,"ha"
"Conservative",73,"at"
"Conservative",227,"ha"
"Conservative",111,"mm"
"Conservative",268,"ha"
"Conservative",229,"ha"
"Conservative",282,"at"
"Liberal",276,"tpm"
"Conservative",317,"ha"
"Conservative",42,"at"
"Conservative",94,"ha"
"Conservative",81,"ha"
"Conservative",140,"at"
"Conservative",64,"at"
"Conservative",261,"ha"
"Liberal",248,"db"
"Liberal",193,"tpm"
"Conservative",200,"at"
"Conservative",87,"at"
"Liberal",169,"tp"
"Conservative",280,"at"
"Conservative",361,"at"
"Liberal",282,"tpm"
"Conservative",8,"ha"
"Liberal",238,"tp"
"Liberal",143,"tp"
"Conservative",240,"at"
"Conservative",361,"at"
"Conservative",119,"at"
"Liberal",314,"tpm"
"Conservative",158,"at"
"Liberal",88,"tpm"
"Conservative",97,"ha"
"Liberal",297,"tpm"
"Liberal",264,"db"
"Conservative",47,"at"
"Conservative",7,"at"
"Liberal",346,"tp"
"Conservative",120,"at"
"Conservative",256,"mm"
"Liberal",206,"tp"
"Conservative",159,"ha"
"Liberal",325,"db"
"Conservative",64,"at"
"Liberal",60,"tpm"
"Liberal",331,"tpm"
"Conservative",68,"at"
"Liberal",176,"tp"
"Liberal",191,"tpm"
"Liberal",330,"tp"
"Liberal",340,"tpm"
"Conservative",280,"at"
"Liberal",213,"tpm"
"Conservative",36,"at"
"Liberal",304,"tpm"
"Conservative",215,"ha"
"Conservative",98,"ha"
"Liberal",290,"tpm"
"Conservative",106,"ha"
"Conservative",49,"at"
"Conservative",220,"ha"
"Conservative",37,"at"
"Liberal",242,"db"
"Conservative",218,"ha"
"Liberal",302,"tp"
"Liberal",315,"tpm"
"Conservative",366,"ha"
"Liberal",177,"tp"
"Conservative",176,"ha"
"Conservative",161,"ha"
"Liberal",29,"tp"
"Conservative",155,"at"
"Liberal",256,"tp"
"Conservative",225,"at"
"Conservative",127,"ha"
"Conservative",109,"at"
"Liberal",248,"tpm"
"Conservative",67,"at"
"Conservative",220,"ha"
"Liberal",323,"tp"
"Liberal",357,"tpm"
"Liberal",42,"db"
"Conservative",81,"ha"
"Conservative",71,"ha"
"Liberal",125,"db"
"Liberal",243,"tp"
"Conservative",109,"at"
"Liberal",182,"tp"
"Conservative",362,"ha"
"Conservative",58,"ha"
"Liberal",151,"tpm"
"Liberal",294,"tp"
"Liberal",355,"tpm"
"Conservative",194,"at"
"Conservative",163,"at"
"Liberal",189,"db"
"Conservative",206,"ha"
"Liberal",232,"tp"
"Conservative",16,"at"
"Liberal",298,"tp"
"Liberal",44,"tp"
"Conservative",18,"at"
"Liberal",191,"tp"
"Conservative",28,"mm"
"Conservative",343,"mm"
"Conservative",276,"ha"
"Liberal",64,"tp"
"Liberal",166,"db"
"Liberal",222,"db"
"Conservative",245,"at"
"Conservative",42,"mm"
"Liberal",267,"db"
"Conservative",14,"ha"
"Conservative",58,"ha"
"Conservative",18,"at"
"Conservative",209,"at"
"Conservative",59,"at"
"Conservative",144,"ha"
"Conservative",224,"ha"
"Liberal",212,"tp"
"Liberal",2,"db"
"Conservative",169,"ha"
"Liberal",294,"tpm"
"Liberal",103,"tpm"
"Liberal",118,"db"
"Conservative",195,"at"
"Conservative",232,"ha"
"Conservative",80,"ha"
"Conservative",114,"at"
"Liberal",197,"db"
"Liberal",116,"tpm"
"Conservative",142,"ha"
"Conservative",144,"ha"
"Conservative",351,"ha"
"Conservative",283,"ha"
"Conservative",361,"ha"
"Conservative",122,"at"
"Conservative",70,"ha"
"Liberal",330,"tp"
"Liberal",35,"db"
"Liberal",345,"tp"
"Conservative",95,"at"
"Conservative",140,"at"
"Conservative",366,"at"
"Liberal",16,"tpm"
"Liberal",215,"db"
"Liberal",26,"db"
"Conservative",43,"at"
"Conservative",170,"ha"
"Liberal",184,"tpm"
"Conservative",9,"mm"
"Conservative",211,"at"
"Conservative",50,"mm"
"Liberal",141,"tp"
"Conservative",351,"ha"
"Conservative",102,"at"
"Liberal",96,"db"
"Conservative",17,"at"
"Conservative",94,"ha"
"Liberal",283,"db"
"Conservative",284,"ha"
"Conservative",286,"at"
"Conservative",102,"ha"
"Liberal",99,"db"
"Liberal",337,"tp"
"Liberal",162,"tpm"
"Liberal",204,"tp"
"Liberal",277,"tp"
"Conservative",108,"at"
"Conservative",292,"mm"
"Liberal",261,"tp"
"Liberal",285,"tpm"
"Conservative",1,"at"
"Conservative",365,"ha"
"Liberal",213,"tpm"
"Liberal",246,"tp"
"Conservative",298,"ha"
"Conservative",148,"ha"
"Conservative",241,"ha"
"Conservative",198,"ha"
"Liberal",72,"tpm"
"Liberal",58,"tp"
"Liberal",218,"db"
"Liberal",172,"tpm"
"Conservative",277,"at"
"Liberal",135,"tp"
"Conservative",322,"ha"
"Conservative",137,"mm"
"Liberal",183,"tpm"
"Liberal",53,"tp"
"Liberal",321,"tp"
"Liberal",8,"db"
"Liberal",143,"db"
"Conservative",207,"ha"
"Liberal",318,"tpm"
"Liberal",45,"tp"
"Conservative",229,"ha"
"Conservative",155,"ha"
"Conservative",324,"ha"
"Liberal",253,"tpm"
"Conservative",65,"ha"
"Liberal",156,"tpm"
"Conservative",59,"at"
"Conservative",133,"ha"
"Conservative",344,"ha"
"Liberal",180,"tp"
"Conservative",258,"at"
"Conservative",18,"at"
"Conservative",129,"ha"
"Liberal",207,"db"
"Conservative",366,"ha"
"Liberal",236,"db"
"Liberal",203,"tp"
"Conservative",108,"ha"
"Liberal",313,"db"
"Conservative",291,"ha"
"Liberal",127,"tpm"
"Conservative",217,"ha"
"Conservative",134,"at"
"Conservative",133,"ha"
"Liberal",338,"db"
"Conservative",72,"at"
"Conservative",203,"ha"
"Liberal",280,"tpm"
"Liberal",28,"tp"
"Liberal",262,"db"
"Liberal",282,"tpm"
"Conservative",185,"ha"
"Liberal",135,"tp"
"Conservative",3,"at"
"Liberal",339,"tpm"
"Conservative",168,"at"
"Liberal",279,"tpm"
"Liberal",281,"tp"
"Liberal",119,"tpm"
"Liberal",142,"tpm"
"Conservative",50,"at"
"Conservative",155,"at"
"Conservative",89,"ha"
"Conservative",317,"at"
"Liberal",163,"tpm"
"Liberal",239,"tpm"
"Conservative",155,"at"
"Liberal",104,"db"
"Conservative",236,"at"
"Liberal",150,"tp"
"Conservative",115,"at"
"Liberal",316,"tp"
"Liberal",323,"tp"
"Liberal",104,"db"
"Conservative",281,"ha"
"Liberal",301,"tp"
"Conservative",129,"at"
"Conservative",338,"at"
"Liberal",238,"db"
"Conservative",270,"at"
"Conservative",114,"ha"
"Conservative",362,"at"
"Liberal",224,"db"
"Liberal",196,"tpm"
"Conservative",4,"ha"
"Liberal",136,"db"
"Conservative",168,"ha"
"Conservative",203,"ha"
"Conservative",11,"mm"
"Conservative",212,"at"
"Conservative",46,"ha"
"Conservative",147,"at"
"Liberal",311,"db"
"Liberal",166,"tp"
"Liberal",169,"tp"
"Liberal",80,"tpm"
"Conservative",253,"at"
"Conservative",126,"mm"
"Liberal",56,"tp"
"Liberal",322,"tpm"
"Liberal",164,"db"
"Conservative",75,"ha"
"Conservative",108,"at"
"Conservative",285,"ha"
"Conservative",233,"mm"
"Conservative",10,"mm"
"Conservative",31,"at"
"Conservative",282,"ha"
"Conservative",46,"at"
"Conservative",250,"ha"
"Liberal",198,"tpm"
"Conservative",357,"ha"
"Liberal",175,"tp"
"Conservative",247,"at"
"Conservative",78,"ha"
"Liberal",258,"db"
"Conservative",126,"at"
"Conservative",233,"at"
"Liberal",15,"db"
"Liberal",249,"tp"
"Conservative",306,"at"
"Liberal",98,"tpm"
"Liberal",259,"db"
"Liberal",347,"tp"
"Liberal",16,"tp"
"Liberal",155,"tp"
"Liberal",174,"db"
"Liberal",260,"tp"
"Liberal",253,"db"
"Conservative",221,"ha"
"Liberal",302,"tpm"
"Liberal",22,"tp"
"Conservative",245,"ha"
"Conservative",146,"at"
"Conservative",324,"ha"
"Liberal",236,"db"
"Conservative",259,"at"
"Conservative",44,"at"
"Conservative",108,"ha"
"Liberal",129,"tp"
"Conservative",313,"at"
"Liberal",42,"tp"
"Conservative",211,"ha"
"Conservative",206,"at"
"Liberal",107,"db"
"Liberal",191,"tp"
"Conservative",92,"ha"
"Liberal",168,"db"
"Liberal",352,"db"
"Liberal",151,"tp"
"Conservative",99,"ha"
"Liberal",33,"db"
"Liberal",246,"db"
"Liberal",133,"tp"
"Conservative",307,"at"
"Conservative",331,"at"
"Liberal",7,"tpm"
"Conservative",98,"at"
"Conservative",273,"ha"
"Conservative",165,"at"
"Conservative",237,"ha"
"Liberal",12,"tp"
"Conservative",129,"ha"
"Liberal",361,"tpm"
"Conservative",343,"at"
"Liberal",206,"tp"
"Liberal",323,"db"
"Liberal",47,"tp"
"Liberal",169,"tpm"
"Liberal",137,"tp"
"Conservative",15,"ha"
"Liberal",28,"db"
"Conservative",134,"at"
"Conservative",88,"ha"
"Conservative",334,"ha"
"Conservative",7,"mm"
"Liberal",140,"tpm"
"Conservative",154,"at"
"Liberal",220,"tp"
"Conservative",7,"at"
"Conservative",275,"ha"
"Conservative",352,"ha"
"Conservative",206,"at"
"Conservative",9,"ha"
"Conservative",352,"mm"
"Liberal",194,"tp"
"Liberal",61,"tpm"
"Liberal",15,"tp"
"Conservative",134,"at"
"Conservative",228,"ha"
"Conservative",22,"ha"
"Liberal",288,"tpm"
"Liberal",318,"tpm"
"Conservative",165,"mm"
"Conservative",182,"at"
"Liberal",84,"db"
"Conservative",151,"ha"
"Conservative",185,"ha"
"Conservative",157,"ha"
"Liberal",302,"db"
"Conservative",29,"at"
"Conservative",240,"mm"
"Conservative",205,"ha"
"Conservative",72,"at"
"Liberal",191,"tp"
"Conservative",305,"ha"
"Liberal",286,"tpm"
"Liberal",106,"db"
"Conservative",60,"at"
"Conservative",316,"at"
"Liberal",238,"db"
"Conservative",284,"ha"
"Liberal",36,"tp"
"Conservative",95,"ha"
"Liberal",262,"db"
"Liberal",304,"tp"
"Conservative",149,"at"
"Liberal",242,"tpm"
"Liberal",18,"tp"
"Conservative",113,"at"
"Conservative",72,"at"
"Conservative",189,"at"
"Conservative",145,"ha"
"Conservative",101,"ha"
"Conservative",68,"at"
"Liberal",179,"tpm"
"Liberal",165,"db"
"Conservative",64,"at"
"Liberal",353,"tpm"
"Conservative",75,"mm"
"Conservative",281,"mm"
"Conservative",214,"mm"
"Liberal",273,"tpm"
"Liberal",256,"tp"
"Conservative",121,"ha"
"Conservative",208,"ha"
"Liberal",182,"tp"
"Conservative",255,"at"
"Liberal",246,"tpm"
"Conservative",212,"ha"
"Conservative",115,"at"
"Conservative",30,"ha"
"Conservative",126,"ha"
"Liberal",336,"db"
"Liberal",339,"tp"
"Liberal",59,"tp"
"Conservative",136,"at"
"Conservative",145,"ha"
"Conservative",256,"at"
"Conservative",322,"at"
"Conservative",113,"ha"
"Liberal",211,"tp"
"Conservative",20,"at"
"Liberal",122,"db"
"Liberal",302,"db"
"Conservative",294,"ha"
"Conservative",99,"at"
"Conservative",103,"ha"
"Conservative",170,"ha"
"Conservative",140,"at"
"Conservative",224,"ha"
"Liberal",262,"tpm"
"Conservative",262,"at"
"Conservative",55,"at"
"Liberal",345,"tpm"
"Liberal",363,"tp"
"Liberal",181,"db"
"Conservative",288,"ha"
"Conservative",28,"mm"
"Liberal",287,"tpm"
"Conservative",93,"ha"
"Conservative",359,"ha"
"Liberal",91,"tp"
"Conservative",211,"ha"
"Conservative",336,"ha"
"Conservative",334,"at"
"Conservative",107,"ha"
"Liberal",284,"db"
"Conservative",325,"ha"
"Liberal",231,"tp"
"Conservative",263,"ha"
"Liberal",211,"db"
"Conservative",204,"ha"
"Conservative",44,"ha"
"Liberal",28,"tp"
"Conservative",100,"at"
"Liberal",195,"tpm"
"Liberal",216,"tpm"
"Conservative",87,"ha"
"Conservative",45,"at"
"Liberal",288,"tp"
"Conservative",177,"at"
"Liberal",208,"tp"
"Liberal",78,"tp"
"Liberal",226,"db"
"Conservative",83,"at"
"Conservative",172,"ha"
"Conservative",44,"ha"
"Conservative",65,"ha"
"Conservative",192,"ha"
"Conservative",88,"ha"
"Liberal",351,"tp"
"Conservative",14,"at"
"Conservative",96,"at"
"Liberal",228,"tp"
"Liberal",8,"tp"
"Liberal",237,"tp"
"Conservative",71,"ha"
"Conservative",225,"at"
"Liberal",52,"db"
"Liberal",147,"tp"
"Conservative",95,"mm"
"Conservative",69,"ha"
"Conservative",243,"ha"
"Conservative",4,"ha"
"Liberal",58,"db"
"Liberal",318,"tpm"
"Liberal",96,"db"
"Liberal",232,"tp"
"Conservative",364,"at"
"Liberal",179,"tp"
"Conservative",260,"at"
"Conservative",151,"ha"
"Conservative",210,"ha"
"Liberal",350,"tp"
"Conservative",177,"at"
"Liberal",114,"db"
"Liberal",315,"tpm"
"Liberal",110,"db"
"Conservative",289,"at"
"Conservative",310,"ha"
"Liberal",320,"db"
"Conservative",152,"at"
"Conservative",323,"ha"
"Conservative",149,"ha"
"Conservative",52,"at"
"Liberal",310,"tpm"
"Conservative",242,"mm"
"Liberal",71,"tp"
"Conservative",152,"ha"
"Conservative",141,"ha"
"Conservative",101,"ha"
"Conservative",315,"at"
"Conservative",214,"ha"
"Conservative",71,"ha"
"Conservative",52,"at"
"Liberal",28,"tp"
"Liberal",95,"db"
"Liberal",155,"tp"
"Conservative",116,"mm"
"Conservative",112,"ha"
"Liberal",150,"tp"
"Conservative",269,"at"
"Conservative",194,"at"
"Liberal",164,"tpm"
"Conservative",149,"ha"
"Liberal",225,"tpm"
"Liberal",235,"db"
"Conservative",233,"at"
"Liberal",265,"db"
"Liberal",148,"tpm"
"Conservative",220,"at"
"Conservative",247,"mm"
"Conservative",262,"mm"
"Liberal",84,"tp"
"Conservative",14,"ha"
"Conservative",207,"ha"
"Liberal",114,"db"
"Conservative",190,"ha"
"Liberal",228,"tp"
"Conservative",108,"ha"
"Conservative",247,"ha"
"Liberal",170,"tpm"
"Conservative",143,"at"
"Liberal",56,"tp"
"Liberal",325,"tpm"
"Conservative",70,"at"
"Conservative",174,"at"
"Conservative",138,"at"
"Conservative",225,"ha"
"Conservative",82,"ha"
"Liberal",283,"db"
"Conservative",21,"at"
"Liberal",179,"tp"
"Conservative",129,"ha"
"Liberal",337,"tp"
"Conservative",12,"at"
"Liberal",189,"tpm"
"Conservative",182,"ha"
"Conservative",106,"ha"
"Conservative",173,"at"
"Liberal",115,"tpm"
"Conservative",81,"ha"
"Conservative",218,"at"
"Liberal",283,"tpm"
"Conservative",332,"at"
"Conservative",297,"ha"
"Liberal",173,"db"
"Liberal",134,"tp"
"Conservative",305,"ha"
"Conservative",150,"mm"
"Conservative",79,"ha"
"Conservative",294,"at"
"Conservative",295,"ha"
"Conservative",51,"at"
"Liberal",203,"tpm"
"Conservative",30,"mm"
"Conservative",213,"at"
"Liberal",215,"db"
"Liberal",130,"tpm"
"Conservative",283,"at"
"Conservative",327,"at"
"Liberal",321,"tpm"
"Liberal",271,"tpm"
"Conservative",39,"at"
"Conservative",136,"at"
"Conservative",130,"at"
"Liberal",319,"db"
"Conservative",337,"at"
"Liberal",294,"db"
"Liberal",346,"tp"
"Liberal",268,"tpm"
"Conservative",224,"mm"
"Liberal",16,"db"
"Liberal",294,"tp"
"Conservative",200,"ha"
"Liberal",66,"db"
"Conservative",77,"ha"
"Liberal",38,"tpm"
"Liberal",37,"tpm"
"Liberal",40,"db"
"Conservative",316,"ha"
"Conservative",330,"at"
"Liberal",182,"db"
"Conservative",31,"at"
"Conservative",135,"at"
"Conservative",46,"mm"
"Conservative",347,"ha"
"Conservative",138,"ha"
"Conservative",259,"at"
"Conservative",277,"at"
"Liberal",208,"db"
"Conservative",16,"at"
"Conservative",120,"ha"
"Conservative",122,"mm"
"Conservative",254,"at"
"Conservative",130,"ha"
"Liberal",113,"db"
"Liberal",162,"db"
"Liberal",260,"tpm"
"Conservative",287,"ha"
"Conservative",21,"at"
"Conservative",216,"ha"
"Liberal",180,"db"
"Conservative",158,"ha"
"Conservative",171,"at"
"Liberal",354,"db"
"Conservative",46,"ha"
"Conservative",164,"at"
"Liberal",293,"db"
"Conservative",59,"ha"
"Conservative",272,"ha"
"Liberal",85,"db"
"Liberal",191,"tp"
"Liberal",277,"db"
"Conservative",253,"mm"
"Liberal",67,"tp"
"Conservative",220,"ha"
"Liberal",68,"tpm"
"Liberal",178,"tp"
"Conservative",330,"ha"
"Liberal",352,"tp"
"Conservative",202,"ha"
"Liberal",48,"db"
"Liberal",148,"db"
"Liberal",127,"tpm"
"Conservative",193,"ha"
"Conservative",327,"mm"
"Liberal",354,"tp"
"Liberal",277,"tp"
"Liberal",152,"db"
"Conservative",56,"ha"
"Conservative",176,"ha"
"Liberal",363,"tp"
"Conservative",183,"at"
"Liberal",183,"db"
"Liberal",189,"tp"
"Liberal",298,"db"
"Liberal",211,"tp"
"Liberal",287,"tp"
"Liberal",247,"db"
"Conservative",356,"at"
"Conservative",128,"at"
"Liberal",131,"tp"
"Conservative",358,"ha"
"Conservative",309,"at"
"Liberal",15,"db"
"Conservative",90,"ha"
"Liberal",236,"tp"
"Conservative",153,"ha"
"Liberal",31,"tp"
"Liberal",38,"tpm"
"Conservative",85,"ha"
"Conservative",282,"at"
"Liberal",8,"tpm"
"Liberal",213,"db"
"Conservative",44,"at"
"Conservative",28,"ha"
"Conservative",199,"ha"
"Liberal",301,"db"
"Conservative",202,"ha"
"Conservative",27,"at"
"Conservative",229,"ha"
"Liberal",187,"db"
"Liberal",162,"db"
"Conservative",166,"ha"
"Liberal",239,"tpm"
"Conservative",3,"at"
"Conservative",358,"at"
"Conservative",87,"ha"
"Conservative",299,"ha"
"Conservative",219,"at"
"Liberal",125,"tp"
"Conservative",339,"at"
"Conservative",364,"ha"
"Liberal",312,"tp"
"Conservative",31,"mm"
"Liberal",340,"db"
"Liberal",295,"tpm"
"Conservative",235,"ha"
"Conservative",171,"at"
"Conservative",226,"ha"
"Liberal",268,"tp"
"Liberal",282,"tpm"
"Liberal",196,"tp"
"Liberal",53,"db"
"Liberal",69,"db"
"Conservative",229,"ha"
"Liberal",34,"tpm"
"Conservative",68,"at"
"Conservative",36,"mm"
"Conservative",252,"ha"
"Liberal",64,"db"
"Conservative",232,"ha"
"Liberal",241,"tpm"
"Conservative",245,"at"
"Liberal",121,"tpm"
"Liberal",44,"tp"
"Liberal",322,"tpm"
"Conservative",307,"at"
"Conservative",351,"ha"
"Conservative",175,"ha"
"Conservative",153,"at"
"Liberal",162,"tpm"
"Liberal",285,"tpm"
"Conservative",357,"ha"
"Conservative",122,"ha"
"Conservative",217,"at"
"Liberal",295,"tp"
"Conservative",216,"at"
"Conservative",168,"at"
"Conservative",259,"at"
"Conservative",123,"ha"
"Conservative",168,"ha"
"Liberal",144,"tp"
"Liberal",135,"tp"
"Conservative",163,"ha"
"Conservative",65,"ha"
"Conservative",81,"ha"
"Conservative",294,"ha"
"Conservative",223,"ha"
"Conservative",250,"ha"
"Conservative",204,"ha"
"Liberal",15,"db"
"Liberal",297,"tp"
"Conservative",113,"at"
"Conservative",205,"mm"
"Conservative",60,"at"
"Liberal",259,"tpm"
"Conservative",197,"at"
"Liberal",235,"tpm"
"Liberal",23,"tp"
"Conservative",239,"at"
"Liberal",350,"tpm"
"Liberal",366,"tpm"
"Conservative",55,"ha"
"Liberal",78,"tp"
"Liberal",280,"tpm"
"Conservative",132,"mm"
"Liberal",192,"db"
"Conservative",164,"mm"
"Conservative",77,"at"
"Conservative",162,"ha"
"Conservative",344,"at"
"Conservative",107,"ha"
"Conservative",265,"at"
"Liberal",22,"db"
"Liberal",284,"db"
"Liberal",54,"db"
"Liberal",3,"tpm"
"Liberal",175,"tpm"
"Liberal",194,"tpm"
"Conservative",165,"ha"
"Conservative",303,"ha"
"Liberal",289,"db"
"Liberal",280,"tpm"
"Liberal",258,"db"
"Liberal",197,"tpm"
"Conservative",363,"at"
"Conservative",187,"ha"
"Liberal",47,"tp"
"Liberal",301,"db"
"Conservative",274,"at"
"Conservative",134,"ha"
"Liberal",273,"tpm"
"Liberal",88,"db"
"Liberal",31,"db"
"Conservative",103,"at"
"Conservative",2,"at"
"Liberal",293,"db"
"Conservative",307,"at"
"Conservative",141,"ha"
"Liberal",224,"db"
"Conservative",355,"ha"
"Conservative",327,"ha"
"Liberal",166,"db"
"Liberal",307,"tpm"
"Conservative",220,"mm"
"Conservative",304,"ha"
"Conservative",174,"ha"
"Conservative",217,"at"
"Liberal",257,"tpm"
"Liberal",255,"tp"
"Conservative",117,"ha"
"Conservative",220,"ha"
"Liberal",346,"tpm"
"Conservative",153,"at"
"Liberal",336,"tp"
"Liberal",233,"tp"
"Conservative",171,"ha"
"Conservative",134,"ha"
"Liberal",309,"db"
"Conservative",291,"at"
"Liberal",35,"tp"
"Conservative",101,"at"
"Liberal",341,"tpm"
"Liberal",230,"db"
"Conservative",244,"ha"
"Conservative",87,"at"
"Liberal",306,"tpm"
"Conservative",276,"at"
"Conservative",140,"ha"
"Liberal",227,"tpm"
"Liberal",5,"db"
"Conservative",67,"at"
"Conservative",244,"ha"
"Liberal",303,"tp"
"Conservative",163,"mm"
"Conservative",6,"mm"
"Liberal",49,"db"
"Liberal",198,"db"
"Conservative",251,"ha"
"Conservative",148,"at"
"Liberal",190,"tp"
"Conservative",75,"ha"
"Conservative",176,"at"
"Liberal",301,"db"
"Conservative",268,"at"
"Conservative",60,"ha"
"Conservative",163,"ha"
"Liberal",78,"tp"
"Liberal",151,"tp"
"Conservative",190,"at"
"Liberal",46,"tpm"
"Conservative",326,"ha"
"Conservative",179,"mm"
"Conservative",250,"at"
"Liberal",74,"tp"
"Liberal",153,"db"
"Liberal",303,"db"
"Liberal",250,"db"
"Conservative",31,"ha"
"Liberal",134,"tp"
"Liberal",177,"tpm"
"Conservative",172,"ha"
"Liberal",18,"tpm"
"Conservative",276,"at"
"Conservative",333,"ha"
"Liberal",15,"tp"
"Conservative",168,"at"
"Liberal",52,"tp"
"Conservative",105,"at"
"Liberal",288,"tpm"
"Liberal",2,"tpm"
"Conservative",216,"mm"
"Liberal",197,"tpm"
"Conservative",232,"at"
"Liberal",261,"db"
"Conservative",234,"ha"
"Conservative",340,"at"
"Liberal",168,"tpm"
"Conservative",266,"ha"
"Liberal",233,"tpm"
"Conservative",198,"at"
"Conservative",160,"at"
"Conservative",348,"at"
"Liberal",283,"tp"
"Conservative",243,"at"
"Conservative",108,"ha"
"Conservative",65,"mm"
"Conservative",148,"at"
"Conservative",322,"ha"
"Conservative",52,"at"
"Conservative",335,"at"
"Liberal",14,"tpm"
"Liberal",312,"tp"
"Liberal",326,"db"
"Liberal",152,"db"
"Conservative",227,"at"
"Conservative",17,"at"
"Conservative",285,"ha"
"Conservative",70,"at"
"Liberal",114,"db"
"Conservative",191,"at"
"Conservative",57,"ha"
"Conservative",246,"ha"
"Conservative",98,"mm"
"Conservative",124,"ha"
"Liberal",344,"tpm"
"Liberal",336,"db"
"Conservative",280,"ha"
"Liberal",308,"tpm"
"Liberal",210,"tp"
"Conservative",315,"at"
"Liberal",157,"tpm"
"Liberal",198,"tp"
"Conservative",94,"mm"
"Liberal",151,"tp"
"Conservative",21,"ha"
"Conservative",36,"ha"
"Conservative",212,"ha"
"Conservative",353,"at"
"Liberal",101,"db"
"Liberal",80,"tpm"
"Conservative",28,"at"
"Conservative",233,"ha"
"Liberal",318,"db"
"Conservative",112,"at"
"Conservative",45,"at"
"Conservative",284,"at"
"Conservative",180,"mm"
"Conservative",152,"at"
"Liberal",121,"db"
"Liberal",336,"tpm"
"Conservative",75,"mm"
"Conservative",19,"at"
"Conservative",99,"ha"
"Liberal",183,"db"
"Conservative",290,"ha"
"Conservative",242,"ha"
"Liberal",75,"db"
"Conservative",172,"mm"
"Liberal",197,"tpm"
"Conservative",270,"ha"
"Liberal",155,"tp"
"Liberal",10,"tp"
"Conservative",172,"ha"
"Conservative",197,"ha"
"Liberal",84,"tpm"
"Liberal",323,"tpm"
"Conservative",69,"ha"
"Conservative",121,"ha"
"Liberal",269,"tpm"
"Conservative",251,"at"
"Conservative",196,"ha"
"Liberal",251,"db"
"Liberal",265,"db"
"Conservative",143,"at"
"Liberal",144,"tp"
"Conservative",222,"at"
"Liberal",364,"tp"
"Conservative",310,"mm"
"Conservative",196,"ha"
"Conservative",323,"mm"
"Conservative",231,"at"
"Conservative",18,"mm"
"Conservative",92,"at"
"Conservative",281,"ha"
"Liberal",165,"db"
"Conservative",71,"ha"
"Liberal",260,"tp"
"Conservative",325,"at"
"Liberal",20,"tpm"
"Liberal",343,"tpm"
"Conservative",320,"at"
"Liberal",30,"db"
"Liberal",39,"tpm"
"Liberal",339,"tpm"
"Liberal",344,"tpm"
"Conservative",143,"at"
"Liberal",334,"db"
"Conservative",200,"ha"
"Liberal",268,"tp"
"Conservative",183,"at"
"Liberal",330,"tp"
"Liberal",343,"db"
"Conservative",45,"ha"
"Conservative",289,"at"
"Liberal",308,"tpm"
"Conservative",194,"ha"
"Conservative",94,"at"
"Conservative",201,"ha"
"Conservative",149,"ha"
"Conservative",200,"ha"
"Liberal",348,"tp"
"Conservative",62,"at"
"Conservative",70,"ha"
"Liberal",324,"tp"
"Liberal",365,"tpm"
"Liberal",5,"tp"
"Conservative",245,"ha"
"Liberal",59,"tp"
"Liberal",269,"tpm"
"Liberal",48,"db"
"Conservative",99,"at"
"Conservative",232,"ha"
"Liberal",192,"tp"
"Conservative",77,"ha"
"Liberal",233,"tp"
"Conservative",210,"ha"
"Conservative",227,"ha"
"Conservative",221,"mm"
"Conservative",232,"ha"
"Conservative",197,"ha"
"Liberal",338,"tpm"
"Liberal",39,"tpm"
"Liberal",233,"tpm"
"Liberal",277,"db"
"Liberal",188,"tp"
"Liberal",297,"tpm"
"Conservative",305,"ha"
"Liberal",218,"db"
"Conservative",251,"at"
"Conservative",178,"at"
"Liberal",271,"db"
"Liberal",267,"db"
"Conservative",179,"at"
"Conservative",320,"ha"
"Liberal",158,"tp"
"Liberal",149,"tpm"
"Liberal",213,"tp"
"Conservative",357,"ha"
"Conservative",276,"at"
"Liberal",298,"tp"
"Conservative",60,"at"
"Conservative",171,"at"
"Conservative",295,"ha"
"Conservative",265,"at"
"Conservative",345,"at"
"Conservative",10,"ha"
"Conservative",62,"ha"
"Conservative",105,"at"
"Conservative",30,"at"
"Liberal",294,"tp"
"Liberal",312,"tp"
"Liberal",45,"tp"
"Liberal",208,"db"
"Liberal",212,"db"
"Conservative",195,"ha"
"Conservative",95,"ha"
"Conservative",361,"ha"
"Liberal",358,"tp"
"Conservative",280,"at"
"Liberal",327,"tpm"
"Liberal",125,"tpm"
"Conservative",330,"ha"
"Conservative",248,"ha"
"Conservative",72,"ha"
"Liberal",252,"tp"
"Liberal",200,"tpm"
"Conservative",317,"ha"
"Conservative",357,"ha"
"Conservative",281,"at"
"Conservative",354,"ha"
"Conservative",352,"ha"
"Conservative",330,"ha"
"Conservative",319,"at"
"Conservative",177,"ha"
"Liberal",287,"db"
"Conservative",324,"ha"
"Conservative",224,"at"
"Conservative",237,"at"
"Conservative",294,"at"
"Conservative",67,"ha"
"Liberal",162,"tpm"
"Liberal",63,"db"
"Liberal",304,"tpm"
"Conservative",203,"ha"
"Conservative",71,"at"
"Liberal",172,"db"
"Conservative",286,"ha"
"Conservative",197,"ha"
"Conservative",72,"at"
"Conservative",316,"ha"
"Liberal",366,"tpm"
"Conservative",62,"ha"
"Conservative",193,"ha"
"Conservative",360,"at"
"Conservative",338,"ha"
"Conservative",233,"at"
"Conservative",200,"ha"
"Conservative",242,"at"
"Liberal",65,"tpm"
"Liberal",336,"db"
"Conservative",168,"mm"
"Conservative",234,"ha"
"Conservative",218,"ha"
"Conservative",199,"at"
"Conservative",34,"at"
"Conservative",258,"at"
"Conservative",313,"ha"
"Liberal",319,"db"
"Conservative",142,"ha"
"Liberal",259,"tpm"
"Conservative",99,"at"
"Conservative",116,"ha"
"Liberal",150,"db"
"Liberal",210,"tp"
"Conservative",185,"mm"
"Conservative",37,"ha"
"Conservative",73,"ha"
"Conservative",21,"at"
"Liberal",219,"tp"
"Conservative",134,"mm"
"Liberal",68,"tp"
"Conservative",112,"at"
"Liberal",273,"tpm"
"Conservative",195,"at"
"Conservative",251,"mm"
"Liberal",350,"db"
"Conservative",274,"at"
"Conservative",331,"mm"
"Liberal",91,"tp"
"Conservative",346,"ha"
"Liberal",252,"db"
"Conservative",72,"mm"
"Conservative",191,"at"
"Liberal",11,"db"
"Liberal",308,"tp"
"Conservative",53,"mm"
"Conservative",250,"at"
"Conservative",234,"at"
"Conservative",149,"ha"
"Conservative",289,"at"
"Liberal",88,"db"
"Liberal",19,"db"
"Conservative",75,"at"
"Conservative",116,"ha"
"Conservative",32,"at"
"Liberal",219,"tpm"
"Conservative",119,"at"
"Conservative",198,"ha"
"Conservative",280,"at"
"Liberal",215,"db"
"Conservative",246,"ha"
"Conservative",246,"at"
"Conservative",130,"at"
"Liberal",343,"tpm"
"Liberal",30,"tpm"
"Liberal",224,"tpm"
"Liberal",114,"db"
"Conservative",239,"ha"
"Liberal",282,"tpm"
"Conservative",48,"at"
"Conservative",190,"at"
"Liberal",103,"db"
"Conservative",284,"ha"
"Liberal",193,"db"
"Liberal",232,"db"
"Liberal",289,"tpm"
"Liberal",239,"db"
"Conservative",245,"at"
"Conservative",129,"at"
"Liberal",262,"db"
"Conservative",167,"ha"
"Liberal",173,"tp"
"Liberal",214,"tpm"
"Conservative",339,"at"
"Liberal",270,"tp"
"Liberal",204,"tp"
"Liberal",90,"tp"
"Liberal",276,"tpm"
"Conservative",350,"ha"
"Conservative",244,"ha"
"Liberal",59,"tpm"
"Conservative",175,"at"
"Liberal",203,"tpm"
"Conservative",6,"ha"
"Conservative",255,"at"
"Liberal",249,"tpm"
"Conservative",125,"mm"
"Conservative",177,"mm"
"Conservative",71,"at"
"Conservative",75,"ha"
"Conservative",121,"ha"
"Liberal",274,"tp"
"Conservative",31,"at"
"Conservative",348,"ha"
"Liberal",102,"tpm"
"Conservative",248,"at"
"Conservative",52,"at"
"Conservative",135,"ha"
"Liberal",182,"tpm"
"Liberal",364,"db"
"Conservative",182,"at"
"Liberal",232,"db"
"Liberal",136,"db"
"Conservative",21,"at"
"Conservative",294,"ha"
"Conservative",292,"ha"
"Liberal",357,"db"
"Conservative",249,"ha"
"Liberal",193,"db"
"Conservative",205,"mm"
"Conservative",275,"ha"
"Conservative",156,"at"
"Conservative",71,"ha"
"Conservative",217,"ha"
"Conservative",176,"ha"
"Conservative",110,"ha"
"Conservative",9,"at"
"Liberal",302,"tp"
"Conservative",214,"at"
"Liberal",185,"tpm"
"Liberal",108,"tpm"
"Liberal",240,"db"
"Conservative",235,"at"
"Liberal",78,"db"
"Conservative",104,"at"
"Liberal",68,"tpm"
"Conservative",114,"at"
"Liberal",172,"tpm"
"Liberal",185,"tpm"
"Conservative",4,"ha"
"Conservative",149,"ha"
"Conservative",354,"ha"
"Liberal",329,"tpm"
"Conservative",71,"at"
"Conservative",79,"mm"
"Conservative",202,"at"
"Liberal",304,"tp"
"Liberal",259,"tpm"
"Liberal",304,"db"
"Conservative",325,"ha"
"Conservative",309,"at"
"Conservative",240,"ha"
"Liberal",326,"tpm"
"Liberal",298,"db"
"Conservative",166,"at"
"Conservative",298,"at"
"Liberal",279,"tpm"
"Conservative",107,"mm"
"Liberal",82,"tp"
"Liberal",71,"tpm"
"Conservative",123,"ha"
"Conservative",313,"at"
"Conservative",236,"at"
"Conservative",284,"at"
"Liberal",115,"db"
"Liberal",217,"tpm"
"Conservative",86,"at"
"Conservative",159,"at"
"Conservative",52,"at"
"Conservative",181,"mm"
"Liberal",257,"db"
"Conservative",9,"at"
"Liberal",252,"tp"
"Conservative",220,"ha"
"Liberal",288,"tpm"
"Liberal",296,"tp"
"Conservative",101,"ha"
"Liberal",266,"tpm"
"Liberal",176,"tpm"
"Liberal",273,"tp"
"Conservative",47,"at"
"Liberal",19,"db"
"Conservative",159,"ha"
"Liberal",246,"tpm"
"Conservative",190,"ha"
"Conservative",45,"at"
"Conservative",244,"ha"
"Conservative",243,"ha"
"Conservative",175,"at"
"Liberal",279,"tp"
"Liberal",230,"db"
"Liberal",143,"db"
"Conservative",260,"ha"
"Conservative",77,"ha"
"Conservative",162,"mm"
"Liberal",290,"tpm"
"Conservative",144,"at"
"Conservative",284,"ha"
"Liberal",113,"tpm"
"Conservative",53,"at"
"Liberal",328,"tpm"
"Liberal",206,"tp"
"Liberal",175,"tpm"
"Conservative",80,"ha"
"Liberal",94,"tpm"
"Conservative",164,"ha"
"Conservative",261,"ha"
"Conservative",326,"at"
"Liberal",143,"db"
"Liberal",184,"tp"
"Conservative",302,"ha"
"Liberal",312,"tp"
"Conservative",271,"at"
"Liberal",222,"db"
"Liberal",170,"tp"
"Conservative",235,"ha"
"Liberal",298,"tpm"
"Conservative",38,"at"
"Liberal",304,"db"
"Liberal",286,"db"
"Conservative",178,"ha"
"Conservative",167,"at"
"Liberal",158,"tpm"
"Liberal",303,"db"
"Conservative",363,"at"
"Liberal",304,"tpm"
"Liberal",327,"db"
"Conservative",80,"ha"
"Liberal",78,"tpm"
"Conservative",25,"ha"
"Liberal",260,"db"
"Conservative",72,"ha"
"Liberal",261,"db"
"Liberal",301,"tpm"
"Liberal",196,"tp"
"Conservative",102,"mm"
"Conservative",234,"at"
"Liberal",264,"db"
"Conservative",239,"at"
"Liberal",32,"tp"
"Liberal",263,"tpm"
"Conservative",122,"at"
"Conservative",220,"at"
"Conservative",8,"ha"
"Conservative",187,"ha"
"Conservative",161,"at"
"Conservative",100,"ha"
"Liberal",172,"tpm"
"Liberal",79,"tpm"
"Conservative",182,"ha"
"Conservative",108,"ha"
"Conservative",277,"ha"
"Conservative",210,"at"
"Conservative",168,"ha"
"Conservative",295,"at"
"Conservative",84,"ha"
"Conservative",3,"at"
"Conservative",346,"ha"
"Liberal",174,"db"
"Conservative",175,"ha"
"Liberal",179,"tpm"
"Liberal",181,"db"
"Liberal",134,"tpm"
"Liberal",277,"tpm"
"Liberal",240,"tp"
"Conservative",325,"ha"
"Liberal",267,"tp"
"Conservative",166,"mm"
"Conservative",278,"ha"
"Conservative",224,"at"
"Conservative",296,"ha"
"Conservative",66,"ha"
"Conservative",272,"mm"
"Conservative",267,"ha"
"Conservative",203,"at"
"Liberal",3,"db"
"Conservative",291,"at"
"Liberal",25,"db"
"Liberal",227,"tp"
"Liberal",218,"tp"
"Conservative",206,"at"
"Liberal",316,"tpm"
"Liberal",127,"tpm"
"Liberal",46,"db"
"Liberal",4,"tp"
"Liberal",91,"db"
"Liberal",322,"tp"
"Conservative",186,"at"
"Liberal",289,"db"
"Liberal",167,"tp"
"Conservative",170,"ha"
"Liberal",105,"tpm"
"Liberal",234,"db"
"Conservative",182,"at"
"Conservative",102,"ha"
"Liberal",276,"tpm"
"Conservative",239,"at"
"Liberal",87,"db"
"Liberal",51,"tp"
"Liberal",269,"tpm"
"Conservative",334,"at"
"Liberal",309,"tpm"
"Liberal",310,"tpm"
"Conservative",117,"mm"
"Conservative",16,"at"
"Conservative",208,"at"
"Conservative",151,"ha"
"Liberal",210,"db"
"Conservative",65,"ha"
"Conservative",231,"ha"
"Conservative",76,"ha"
"Conservative",103,"at"
"Conservative",319,"ha"
"Conservative",90,"ha"
"Conservative",166,"ha"
"Liberal",43,"tp"
"Conservative",316,"ha"
"Liberal",290,"tpm"
"Conservative",163,"mm"
"Liberal",226,"tpm"
"Liberal",214,"db"
"Liberal",268,"db"
"Liberal",53,"db"
"Liberal",286,"tpm"
"Liberal",365,"tp"
"Liberal",113,"tpm"
"Conservative",236,"mm"
"Conservative",48,"at"
"Conservative",215,"at"
"Conservative",348,"ha"
"Liberal",327,"tp"
"Liberal",221,"db"
"Liberal",161,"tpm"
"Liberal",140,"db"
"Liberal",151,"tpm"
"Conservative",201,"at"
"Liberal",146,"tp"
"Conservative",8,"at"
"Liberal",358,"db"
"Conservative",100,"at"
"Liberal",86,"tp"
"Conservative",324,"ha"
"Conservative",120,"ha"
"Conservative",362,"at"
"Conservative",178,"at"
"Conservative",67,"at"
"Liberal",324,"tp"
"Conservative",23,"ha"
"Conservative",295,"ha"
"Liberal",185,"tpm"
"Liberal",203,"tp"
"Conservative",300,"at"
"Conservative",150,"ha"
"Liberal",181,"tpm"
"Conservative",38,"mm"
"Liberal",37,"db"
"Conservative",303,"ha"
"Liberal",256,"tpm"
"Conservative",281,"at"
"Liberal",287,"tpm"
"Conservative",222,"at"
"Liberal",295,"db"
"Liberal",5,"db"
"Conservative",77,"at"
"Conservative",295,"ha"
"Liberal",224,"tpm"
"Conservative",39,"ha"
"Liberal",120,"db"
"Liberal",183,"tpm"
"Conservative",66,"at"
"Liberal",94,"db"
"Conservative",33,"ha"
"Conservative",70,"at"
"Conservative",304,"at"
"Liberal",194,"tp"
"Conservative",149,"ha"
"Liberal",270,"tp"
"Liberal",319,"db"
"Liberal",199,"tpm"
"Liberal",358,"db"
"Conservative",309,"at"
"Conservative",262,"ha"
"Liberal",101,"tpm"
"Conservative",140,"ha"
"Liberal",19,"tpm"
"Liberal",39,"db"
"Conservative",83,"ha"
"Liberal",248,"db"
"Liberal",177,"db"
"Liberal",310,"tp"
"Conservative",275,"ha"
"Conservative",297,"ha"
"Liberal",146,"tp"
"Conservative",62,"ha"
"Liberal",273,"db"
"Liberal",63,"tp"
"Conservative",45,"at"
"Conservative",234,"ha"
"Conservative",107,"ha"
"Liberal",113,"db"
"Conservative",142,"ha"
"Conservative",108,"ha"
"Liberal",343,"tp"
"Conservative",346,"at"
"Liberal",362,"tpm"
"Conservative",72,"ha"
"Liberal",220,"tpm"
"Conservative",209,"ha"
"Liberal",345,"db"
"Conservative",151,"at"
"Conservative",175,"ha"
"Conservative",255,"mm"
"Conservative",345,"ha"
"Conservative",21,"mm"
"Conservative",204,"at"
"Conservative",332,"mm"
"Liberal",38,"tpm"
"Liberal",233,"tp"
"Conservative",250,"at"
"Liberal",261,"tpm"
"Liberal",351,"tp"
"Conservative",60,"ha"
"Conservative",227,"at"
"Liberal",301,"db"
"Conservative",29,"ha"
"Conservative",151,"at"
"Conservative",291,"at"
"Liberal",326,"tpm"
"Conservative",316,"ha"
"Liberal",32,"tpm"
"Liberal",276,"db"
"Conservative",63,"ha"
"Liberal",135,"db"
"Liberal",323,"tp"
"Conservative",297,"at"
"Conservative",63,"at"
"Conservative",317,"at"
"Conservative",204,"ha"
"Liberal",318,"db"
"Conservative",108,"at"
"Conservative",356,"at"
"Conservative",86,"at"
"Conservative",338,"at"
"Conservative",259,"ha"
"Conservative",15,"at"
"Conservative",226,"ha"
"Liberal",160,"db"
"Liberal",280,"tp"
"Conservative",243,"ha"
"Conservative",266,"ha"
"Conservative",35,"ha"
"Conservative",110,"ha"
"Conservative",259,"at"
"Conservative",329,"at"
"Conservative",326,"ha"
"Liberal",288,"tp"
"Conservative",54,"at"
"Conservative",176,"ha"
"Liberal",252,"tp"
"Liberal",318,"tp"
"Liberal",124,"tp"
"Liberal",331,"tp"
"Conservative",145,"ha"
"Conservative",112,"at"
"Conservative",304,"at"
"Liberal",101,"db"
"Conservative",173,"ha"
"Liberal",242,"db"
"Liberal",297,"db"
"Liberal",240,"tpm"
"Conservative",120,"ha"
"Liberal",169,"tpm"
"Conservative",237,"ha"
"Conservative",252,"at"
"Liberal",236,"db"
"Liberal",142,"tpm"
"Liberal",288,"db"
"Conservative",343,"mm"
"Conservative",99,"ha"
"Conservative",317,"ha"
"Liberal",60,"tpm"
"Conservative",177,"at"
"Conservative",192,"at"
"Liberal",358,"tpm"
"Conservative",45,"ha"
"Conservative",294,"ha"
"Conservative",343,"ha"
"Conservative",84,"at"
"Liberal",228,"tp"
"Conservative",206,"at"
"Liberal",349,"tp"
"Liberal",178,"tp"
"Liberal",171,"db"
"Conservative",98,"at"
"Liberal",269,"tpm"
"Conservative",266,"mm"
"Conservative",120,"ha"
"Conservative",354,"ha"
"Liberal",226,"tp"
"Conservative",337,"at"
"Conservative",205,"at"
"Conservative",354,"ha"
"Liberal",154,"db"
"Liberal",268,"tp"
"Conservative",145,"ha"
"Conservative",64,"ha"
"Conservative",131,"at"
"Liberal",156,"db"
"Conservative",80,"ha"
"Conservative",65,"at"
"Liberal",305,"tp"
"Conservative",211,"at"
"Liberal",172,"tp"
"Conservative",228,"at"
"Conservative",219,"at"
"Liberal",318,"tp"
"Liberal",199,"db"
"Conservative",298,"at"
"Conservative",321,"ha"
"Liberal",134,"db"
"Liberal",269,"db"
"Conservative",310,"mm"
"Conservative",29,"at"
"Liberal",64,"tpm"
"Conservative",264,"ha"
"Conservative",268,"ha"
"Liberal",71,"tpm"
"Liberal",353,"tpm"
"Conservative",327,"at"
"Conservative",74,"ha"
"Conservative",178,"ha"
"Conservative",129,"ha"
"Liberal",335,"tp"
"Conservative",295,"at"
"Liberal",276,"tpm"
"Liberal",169,"db"
"Liberal",87,"tp"
"Liberal",220,"db"
"Conservative",323,"at"
"Conservative",211,"at"
"Conservative",314,"at"
"Liberal",293,"db"
"Conservative",160,"ha"
"Liberal",365,"db"
"Liberal",225,"tp"
"Liberal",284,"tpm"
"Conservative",236,"ha"
"Conservative",237,"at"
"Conservative",241,"ha"
"Conservative",202,"mm"
"Conservative",102,"ha"
"Conservative",109,"ha"
"Liberal",129,"db"
"Conservative",194,"at"
"Liberal",141,"tp"
"Liberal",107,"db"
"Liberal",249,"tp"
"Liberal",207,"tpm"
"Liberal",338,"tpm"
"Liberal",302,"tp"
"Liberal",227,"db"
"Conservative",9,"ha"
"Conservative",92,"ha"
"Liberal",79,"tp"
"Conservative",301,"ha"
"Conservative",91,"at"
"Conservative",325,"at"
"Liberal",206,"tpm"
"Conservative",299,"at"
"Conservative",288,"ha"
"Conservative",213,"at"
"Liberal",254,"tpm"
"Conservative",7,"at"
"Liberal",211,"tpm"
"Conservative",80,"ha"
"Conservative",262,"ha"
"Conservative",261,"ha"
"Conservative",254,"ha"
"Liberal",30,"tp"
"Conservative",214,"mm"
"Liberal",71,"tpm"
"Liberal",219,"tp"
"Conservative",232,"ha"
"Conservative",196,"mm"
"Conservative",96,"at"
"Liberal",339,"tpm"
"Conservative",276,"mm"
"Liberal",310,"tp"
"Liberal",91,"db"
"Liberal",272,"tp"
"Liberal",309,"db"
"Conservative",291,"ha"
"Conservative",274,"ha"
"Liberal",262,"tp"
"Liberal",365,"tpm"
"Conservative",172,"ha"
"Liberal",270,"tp"
"Conservative",266,"at"
"Liberal",336,"tp"
"Conservative",101,"at"
"Liberal",161,"tpm"
"Conservative",327,"ha"
"Liberal",191,"tp"
"Liberal",218,"tpm"
"Conservative",312,"at"
"Liberal",197,"tpm"
"Liberal",56,"tp"
"Liberal",37,"db"
"Conservative",275,"at"
"Conservative",207,"ha"
"Liberal",307,"db"
"Conservative",353,"ha"
"Liberal",206,"tpm"
"Liberal",357,"db"
"Conservative",59,"ha"
"Conservative",268,"mm"
"Liberal",56,"tpm"
"Conservative",31,"ha"
"Conservative",75,"ha"
"Liberal",41,"tp"
"Conservative",189,"at"
"Conservative",312,"at"
"Conservative",250,"ha"
"Conservative",298,"ha"
"Liberal",7,"tp"
"Conservative",141,"at"
"Liberal",153,"tp"
"Conservative",362,"ha"
"Conservative",176,"at"
"Conservative",88,"ha"
"Conservative",120,"ha"
"Liberal",296,"tp"
"Conservative",86,"ha"
"Conservative",327,"at"
"Conservative",135,"ha"
"Liberal",353,"db"
"Conservative",254,"at"
"Conservative",336,"at"
"Conservative",16,"at"
"Conservative",46,"at"
"Conservative",232,"ha"
"Liberal",167,"db"
"Liberal",322,"db"
"Conservative",238,"at"
"Conservative",163,"at"
"Liberal",246,"tp"
"Liberal",269,"tp"
"Conservative",306,"ha"
"Conservative",108,"ha"
"Liberal",230,"tp"
"Liberal",335,"tp"
"Conservative",85,"at"
"Liberal",281,"tpm"
"Liberal",271,"db"
"Conservative",23,"at"
"Liberal",221,"tp"
"Conservative",318,"ha"
"Conservative",302,"ha"
"Liberal",93,"db"
"Liberal",37,"tpm"
"Conservative",354,"at"
"Liberal",301,"tp"
"Liberal",123,"tp"
"Liberal",193,"db"
"Liberal",2,"tp"
"Conservative",98,"at"
"Liberal",31,"db"
"Liberal",232,"tpm"
"Conservative",365,"ha"
"Liberal",290,"db"
"Liberal",262,"tpm"
"Conservative",138,"ha"
"Liberal",327,"db"
"Conservative",352,"ha"
"Liberal",275,"tpm"
"Conservative",158,"ha"
"Liberal",218,"db"
"Conservative",343,"ha"
"Conservative",318,"ha"
"Liberal",156,"tp"
"Conservative",4,"at"
"Liberal",301,"tp"
"Liberal",220,"tp"
"Liberal",203,"tp"
"Liberal",338,"tpm"
"Conservative",67,"mm"
"Liberal",158,"db"
"Conservative",333,"ha"
"Conservative",151,"mm"
"Conservative",329,"ha"
"Conservative",213,"ha"
"Liberal",134,"tp"
"Liberal",32,"tpm"
"Conservative",148,"mm"
"Conservative",169,"at"
"Liberal",262,"tpm"
"Conservative",136,"mm"
"Liberal",317,"db"
"Liberal",258,"tpm"
"Liberal",72,"tp"
"Conservative",346,"ha"
"Conservative",231,"ha"
"Conservative",157,"ha"
"Conservative",158,"ha"
"Conservative",189,"ha"
"Liberal",240,"tp"
"Liberal",166,"tp"
"Conservative",226,"at"
"Liberal",201,"tpm"
"Conservative",198,"ha"
"Conservative",30,"at"
"Liberal",136,"db"
"Liberal",202,"tp"
"Liberal",209,"tpm"
"Conservative",42,"at"
"Liberal",270,"tp"
"Conservative",163,"ha"
"Liberal",184,"tpm"
"Liberal",362,"db"
"Liberal",326,"tpm"
"Liberal",304,"db"
"Liberal",310,"tp"
"Conservative",22,"at"
"Conservative",150,"at"
"Liberal",290,"tpm"
"Liberal",268,"tp"
"Conservative",42,"at"
"Liberal",151,"tp"
"Conservative",115,"ha"
"Liberal",36,"db"
"Conservative",281,"at"
"Conservative",179,"at"
"Conservative",197,"at"
"Conservative",252,"ha"
"Conservative",214,"mm"
"Conservative",302,"at"
"Liberal",183,"db"
"Conservative",273,"ha"
"Conservative",88,"mm"
"Liberal",345,"tp"
"Liberal",346,"db"
"Liberal",221,"tp"
"Liberal",280,"tpm"
"Liberal",6,"db"
"Conservative",101,"ha"
"Conservative",96,"ha"
"Conservative",45,"at"
"Liberal",202,"tpm"
"Liberal",297,"tp"
"Liberal",67,"db"
"Conservative",168,"at"
"Liberal",296,"tpm"
"Liberal",290,"tpm"
"Conservative",216,"ha"
"Conservative",63,"ha"
"Conservative",140,"at"
"Liberal",247,"tpm"
"Liberal",23,"tp"
"Liberal",238,"tpm"
"Conservative",242,"ha"
"Liberal",129,"db"
"Liberal",339,"tpm"
"Conservative",253,"ha"
"Conservative",34,"at"
"Conservative",364,"at"
"Conservative",171,"ha"
"Conservative",213,"ha"
"Conservative",297,"at"
"Liberal",303,"tpm"
"Liberal",77,"tpm"
"Liberal",185,"tpm"
"Conservative",229,"at"
"Conservative",272,"at"
"Conservative",335,"at"
"Liberal",126,"tpm"
"Liberal",303,"tpm"
"Liberal",234,"tpm"
"Conservative",86,"at"
"Conservative",242,"at"
"Conservative",277,"ha"
"Conservative",284,"at"
"Liberal",119,"tpm"
"Conservative",270,"ha"
"Liberal",235,"db"
"Liberal",347,"tpm"
"Liberal",350,"tpm"
"Liberal",217,"tp"
"Liberal",71,"tpm"
"Liberal",229,"db"
"Liberal",224,"tpm"
"Conservative",212,"ha"
"Conservative",311,"mm"
"Conservative",339,"ha"
"Conservative",357,"at"
"Conservative",191,"ha"
"Liberal",219,"tp"
"Liberal",136,"tp"
"Liberal",72,"tp"
"Conservative",149,"ha"
"Liberal",264,"db"
"Liberal",253,"db"
"Conservative",364,"ha"
"Conservative",284,"ha"
"Liberal",122,"tp"
"Conservative",121,"at"
"Liberal",45,"tp"
"Conservative",150,"ha"
"Liberal",74,"tp"
"Liberal",322,"tpm"
"Liberal",127,"tp"
"Conservative",128,"ha"
"Conservative",201,"ha"
"Conservative",219,"mm"
"Liberal",275,"tpm"
"Liberal",79,"tp"
"Liberal",325,"tp"
"Liberal",125,"db"
"Conservative",84,"ha"
"Conservative",140,"at"
"Conservative",86,"ha"
"Conservative",241,"at"
"Conservative",82,"at"
"Liberal",156,"tpm"
"Conservative",255,"at"
"Conservative",57,"at"
"Liberal",309,"db"
"Conservative",261,"at"
"Conservative",120,"ha"
"Liberal",275,"tp"
"Conservative",118,"at"
"Liberal",32,"tp"
"Conservative",169,"at"
"Conservative",14,"ha"
"Conservative",234,"ha"
"Conservative",2,"mm"
"Liberal",144,"tp"
"Conservative",156,"ha"
"Conservative",317,"at"
"Liberal",325,"tp"
"Conservative",58,"at"
"Conservative",217,"ha"
"Conservative",76,"ha"
"Liberal",365,"db"
"Conservative",275,"ha"
"Liberal",8,"db"
"Liberal",289,"tpm"
"Liberal",25,"tpm"
"Liberal",169,"tpm"
"Liberal",248,"tpm"
"Liberal",234,"tpm"
"Conservative",57,"ha"
"Conservative",206,"ha"
"Conservative",239,"ha"
"Liberal",247,"tpm"
"Conservative",101,"at"
"Conservative",156,"at"
"Liberal",252,"db"
"Conservative",340,"ha"
"Liberal",269,"db"
"Conservative",199,"mm"
"Conservative",351,"at"
"Liberal",323,"tpm"
"Conservative",72,"mm"
"Conservative",73,"ha"
"Conservative",342,"ha"
"Conservative",330,"ha"
"Conservative",358,"ha"
"Conservative",140,"at"
"Conservative",169,"ha"
"Conservative",245,"ha"
"Liberal",211,"tpm"
"Liberal",22,"tp"
"Liberal",228,"tpm"
"Liberal",268,"db"
"Liberal",24,"tpm"
"Conservative",222,"ha"
"Liberal",276,"tpm"
"Conservative",233,"ha"
"Conservative",358,"at"
"Liberal",52,"tp"
"Conservative",12,"ha"
"Conservative",47,"ha"
"Liberal",81,"tp"
"Conservative",162,"ha"
"Conservative",203,"ha"
"Liberal",203,"db"
"Liberal",135,"tp"
"Conservative",85,"at"
"Conservative",102,"ha"
"Liberal",269,"tp"
"Conservative",329,"ha"
"Conservative",219,"ha"
"Conservative",266,"ha"
"Conservative",32,"mm"
"Conservative",50,"ha"
"Conservative",215,"mm"
"Conservative",133,"at"
"Conservative",168,"ha"
"Liberal",240,"tpm"
"Liberal",25,"tp"
"Conservative",111,"ha"
"Liberal",251,"tpm"
"Conservative",197,"ha"
"Liberal",116,"tpm"
"Conservative",24,"at"
"Conservative",205,"at"
"Conservative",43,"at"
"Conservative",257,"ha"
"Conservative",340,"ha"
"Conservative",148,"ha"
"Conservative",88,"at"
"Liberal",18,"tp"
"Liberal",197,"tpm"
"Conservative",232,"at"
"Liberal",291,"db"
"Conservative",28,"ha"
"Conservative",64,"ha"
"Conservative",214,"at"
"Conservative",99,"ha"
"Conservative",88,"ha"
"Liberal",46,"tp"
"Conservative",195,"at"
"Liberal",64,"tp"
"Liberal",11,"tpm"
"Liberal",304,"tpm"
"Conservative",91,"ha"
"Liberal",62,"tp"
"Liberal",44,"tp"
"Conservative",176,"at"
"Liberal",150,"tpm"
"Conservative",308,"ha"
"Conservative",260,"ha"
"Conservative",173,"at"
"Liberal",322,"tpm"
"Conservative",294,"ha"
"Conservative",307,"ha"
"Conservative",267,"at"
"Conservative",198,"mm"
"Conservative",219,"ha"
"Liberal",25,"tp"
"Conservative",313,"at"
"Conservative",35,"ha"
"Liberal",263,"db"
"Conservative",221,"at"
"Conservative",240,"at"
"Liberal",235,"db"
"Liberal",109,"tpm"
"Liberal",224,"tpm"
"Liberal",247,"tpm"
"Liberal",78,"tp"
"Liberal",297,"tpm"
"Conservative",339,"ha"
"Liberal",308,"tp"
"Conservative",12,"at"
"Conservative",261,"at"
"Liberal",27,"db"
"Liberal",64,"tpm"
"Conservative",145,"ha"
"Conservative",326,"at"
"Conservative",150,"mm"
"Conservative",138,"at"
"Conservative",57,"at"
"Conservative",188,"at"
"Conservative",84,"at"
"Liberal",231,"tp"
"Liberal",17,"tpm"
"Conservative",247,"at"
"Conservative",221,"mm"
"Conservative",354,"ha"
"Conservative",23,"mm"
"Liberal",313,"tp"
"Liberal",338,"tp"
"Liberal",281,"tpm"
"Liberal",66,"tpm"
"Liberal",342,"db"
"Liberal",250,"tp"
"Liberal",31,"tpm"
"Conservative",263,"ha"
"Liberal",254,"tp"
"Liberal",182,"tp"
"Conservative",5,"ha"
"Liberal",210,"tpm"
"Liberal",316,"tp"
"Liberal",114,"tpm"
"Conservative",282,"at"
"Conservative",206,"ha"
"Conservative",233,"ha"
"Conservative",162,"ha"
"Conservative",184,"ha"
"Liberal",338,"tpm"
"Conservative",98,"ha"
"Conservative",291,"ha"
"Conservative",177,"at"
"Conservative",205,"ha"
"Conservative",182,"at"
"Liberal",312,"tpm"
"Conservative",136,"at"
"Conservative",266,"at"
"Liberal",170,"db"
"Liberal",16,"tp"
"Conservative",340,"mm"
"Conservative",342,"at"
"Liberal",164,"tp"
"Liberal",115,"db"
"Conservative",351,"ha"
"Conservative",281,"mm"
"Conservative",58,"at"
"Conservative",89,"ha"
"Conservative",351,"at"
"Liberal",168,"tp"
"Conservative",321,"at"
"Liberal",281,"tpm"
"Conservative",254,"at"
"Conservative",15,"at"
"Conservative",223,"at"
"Conservative",337,"mm"
"Conservative",61,"at"
"Liberal",259,"db"
"Conservative",167,"at"
"Liberal",298,"tpm"
"Conservative",85,"ha"
"Conservative",197,"at"
"Conservative",322,"at"
"Conservative",203,"at"
"Liberal",136,"tpm"
"Liberal",199,"tp"
"Conservative",78,"ha"
"Conservative",281,"mm"
"Conservative",193,"at"
"Liberal",164,"tp"
"Liberal",316,"db"
"Conservative",123,"at"
"Conservative",93,"at"
"Liberal",195,"tp"
"Conservative",342,"ha"
"Conservative",35,"mm"
"Conservative",204,"at"
"Liberal",193,"tpm"
"Liberal",25,"db"
"Liberal",158,"db"
"Conservative",127,"at"
"Liberal",247,"tpm"
"Conservative",9,"ha"
"Conservative",10,"at"
"Conservative",66,"ha"
"Conservative",27,"ha"
"Conservative",338,"at"
"Conservative",7,"ha"
"Conservative",75,"ha"
"Conservative",323,"at"
"Conservative",269,"at"
"Liberal",232,"tp"
"Conservative",184,"ha"
"Conservative",311,"ha"
"Conservative",107,"ha"
"Liberal",138,"db"
"Liberal",217,"tpm"
"Conservative",293,"ha"
"Liberal",266,"tp"
"Liberal",309,"tpm"
"Liberal",276,"db"
"Liberal",241,"tp"
"Conservative",282,"at"
"Liberal",171,"tpm"
"Conservative",351,"at"
"Conservative",63,"mm"
"Conservative",158,"at"
"Liberal",217,"tp"
"Conservative",326,"ha"
"Conservative",82,"at"
"Conservative",220,"ha"
"Liberal",267,"tpm"
"Conservative",157,"ha"
"Liberal",325,"tpm"
"Liberal",173,"db"
"Liberal",332,"tp"
"Liberal",177,"db"
"Conservative",283,"ha"
"Conservative",221,"at"
"Liberal",211,"db"
"Liberal",242,"tp"
"Liberal",79,"db"
"Conservative",84,"ha"
"Liberal",139,"tp"
"Liberal",182,"db"
"Conservative",127,"mm"
"Liberal",351,"tpm"
"Conservative",116,"at"
"Conservative",129,"at"
"Conservative",336,"at"
"Conservative",114,"at"
"Liberal",240,"tpm"
"Conservative",159,"ha"
"Liberal",169,"tpm"
"Liberal",320,"tpm"
"Conservative",166,"ha"
"Conservative",346,"ha"
"Conservative",86,"ha"
"Conservative",177,"at"
"Liberal",244,"db"
"Conservative",125,"mm"
"Conservative",163,"ha"
"Liberal",185,"tp"
"Liberal",315,"tp"
"Conservative",173,"mm"
"Conservative",241,"at"
"Conservative",108,"mm"
"Conservative",128,"mm"
"Liberal",46,"db"
"Liberal",333,"db"
"Conservative",134,"ha"
"Conservative",194,"at"
"Liberal",234,"tp"
"Liberal",135,"tpm"
"Conservative",197,"ha"
"Conservative",86,"at"
"Conservative",79,"at"
"Conservative",66,"ha"
"Liberal",60,"tp"
"Conservative",231,"at"
"Liberal",93,"tpm"
"Liberal",338,"tp"
"Liberal",308,"db"
"Conservative",366,"ha"
"Conservative",33,"at"
"Conservative",344,"at"
"Conservative",51,"at"
"Conservative",211,"ha"
"Liberal",247,"tp"
"Conservative",173,"at"
"Liberal",162,"tp"
"Liberal",282,"tp"
"Conservative",228,"at"
"Conservative",353,"ha"
"Liberal",338,"tpm"
"Conservative",183,"ha"
"Conservative",106,"ha"
"Liberal",158,"tp"
"Liberal",71,"tp"
"Conservative",324,"at"
"Conservative",355,"at"
"Conservative",204,"at"
"Liberal",265,"tpm"
"Conservative",18,"mm"
"Conservative",23,"ha"
"Liberal",350,"tp"
"Liberal",157,"db"
"Liberal",235,"tpm"
"Liberal",260,"db"
"Conservative",354,"ha"
"Liberal",135,"tp"
"Liberal",264,"db"
"Conservative",281,"ha"
"Conservative",307,"at"
"Liberal",256,"tp"
"Liberal",196,"tpm"
"Conservative",52,"ha"
"Liberal",289,"tpm"
"Conservative",357,"ha"
"Conservative",273,"at"
"Conservative",80,"at"
"Conservative",175,"at"
"Conservative",14,"ha"
"Conservative",361,"ha"
"Conservative",102,"mm"
"Liberal",291,"tp"
"Liberal",255,"db"
"Liberal",294,"tpm"
"Liberal",325,"tpm"
"Conservative",90,"ha"
"Conservative",304,"ha"
"Conservative",173,"ha"
"Liberal",277,"tpm"
"Liberal",340,"db"
"Conservative",110,"mm"
"Liberal",220,"tp"
"Liberal",172,"tp"
"Liberal",68,"db"
"Conservative",336,"at"
"Conservative",195,"ha"
"Conservative",212,"ha"
"Conservative",5,"mm"
"Conservative",155,"ha"
"Liberal",144,"db"
"Conservative",163,"ha"
"Conservative",350,"at"
"Conservative",333,"mm"
"Liberal",158,"tp"
"Conservative",213,"ha"
"Conservative",317,"at"
"Conservative",326,"at"
"Conservative",126,"ha"
"Conservative",93,"ha"
"Conservative",258,"at"
"Conservative",248,"at"
"Conservative",287,"ha"
"Conservative",29,"at"
"Liberal",231,"db"
"Conservative",70,"ha"
"Conservative",206,"ha"
"Conservative",357,"at"
"Conservative",188,"ha"
"Conservative",70,"at"
"Liberal",143,"tp"
"Liberal",253,"tp"
"Liberal",273,"db"
"Conservative",253,"at"
"Conservative",327,"at"
"Liberal",126,"db"
"Conservative",309,"at"
"Liberal",213,"tpm"
"Liberal",84,"tpm"
"Conservative",58,"at"
"Liberal",257,"tp"
"Liberal",310,"tpm"
"Conservative",299,"at"
"Liberal",274,"db"
"Liberal",190,"tpm"
"Conservative",311,"ha"
"Liberal",290,"db"
"Conservative",179,"mm"
"Liberal",125,"tpm"
"Conservative",213,"ha"
"Liberal",302,"tp"
"Conservative",155,"ha"
"Liberal",276,"db"
"Conservative",27,"at"
"Conservative",126,"ha"
"Conservative",174,"at"
"Liberal",28,"db"
"Liberal",108,"tpm"
"Conservative",269,"ha"
"Liberal",269,"tpm"
"Conservative",318,"ha"
"Conservative",16,"at"
"Liberal",304,"db"
"Conservative",171,"ha"
"Conservative",329,"at"
"Liberal",70,"db"
"Liberal",130,"tpm"
"Conservative",219,"ha"
"Conservative",235,"mm"
"Conservative",352,"ha"
"Conservative",47,"ha"
"Conservative",242,"ha"
"Liberal",262,"tpm"
"Conservative",148,"ha"
"Conservative",324,"at"
"Conservative",260,"ha"
"Conservative",133,"ha"
"Conservative",21,"ha"
"Liberal",272,"tp"
"Liberal",259,"tp"
"Conservative",337,"at"
"Liberal",40,"db"
"Liberal",11,"tp"
"Conservative",250,"at"
"Liberal",219,"tp"
"Liberal",281,"tp"
"Conservative",114,"at"
"Conservative",311,"ha"
"Liberal",248,"db"
"Liberal",282,"db"
"Liberal",229,"tpm"
"Liberal",193,"tpm"
"Liberal",58,"db"
"Conservative",263,"ha"
"Conservative",270,"at"
"Conservative",171,"at"
"Conservative",94,"ha"
"Conservative",112,"at"
"Conservative",138,"at"
"Conservative",149,"ha"
"Liberal",268,"tp"
"Conservative",300,"at"
"Liberal",58,"tpm"
"Liberal",318,"tp"
"Conservative",105,"ha"
"Conservative",248,"at"
"Conservative",211,"at"
"Conservative",143,"ha"
"Conservative",63,"at"
"Liberal",229,"tpm"
"Conservative",53,"ha"
"Conservative",56,"at"
"Conservative",206,"ha"
"Liberal",255,"tp"
"Liberal",123,"tp"
"Conservative",150,"at"
"Liberal",79,"db"
"Conservative",262,"ha"
"Conservative",121,"at"
"Liberal",118,"db"
"Liberal",156,"tpm"
"Liberal",113,"tpm"
"Liberal",201,"tp"
"Conservative",344,"ha"
"Liberal",200,"db"
"Liberal",303,"tpm"
"Conservative",255,"at"
"Liberal",127,"db"
"Conservative",106,"at"
"Liberal",252,"db"
"Liberal",273,"db"
"Liberal",164,"tpm"
"Liberal",231,"tpm"
"Liberal",198,"tp"
"Liberal",289,"tp"
"Conservative",318,"at"
"Liberal",270,"tp"
"Liberal",337,"tp"
"Conservative",116,"ha"
"Conservative",182,"ha"
"Liberal",73,"tp"
"Conservative",270,"at"
"Conservative",297,"at"
"Liberal",38,"tp"
"Conservative",37,"ha"
"Conservative",78,"at"
"Conservative",311,"ha"
"Liberal",283,"tpm"
"Conservative",52,"ha"
"Liberal",138,"tp"
"Conservative",169,"mm"
"Liberal",19,"tpm"
"Liberal",13,"db"
"Conservative",74,"at"
"Liberal",196,"tp"
"Conservative",309,"ha"
"Liberal",135,"tpm"
"Conservative",185,"ha"
"Conservative",177,"at"
"Liberal",214,"db"
"Liberal",43,"db"
"Liberal",215,"db"
"Liberal",200,"tp"
"Conservative",289,"mm"
"Conservative",322,"ha"
"Conservative",227,"ha"
"Liberal",296,"tpm"
"Conservative",171,"at"
"Liberal",57,"tp"
"Conservative",270,"at"
"Conservative",345,"ha"
"Liberal",217,"db"
"Liberal",274,"db"
"Liberal",136,"tpm"
"Liberal",176,"db"
"Conservative",275,"ha"
"Conservative",3,"at"
"Conservative",128,"at"
"Conservative",85,"ha"
"Liberal",259,"tpm"
"Liberal",332,"tp"
"Liberal",184,"db"
"Liberal",63,"tp"
"Conservative",30,"mm"
"Liberal",267,"tpm"
"Conservative",208,"at"
"Conservative",85,"ha"
"Conservative",262,"ha"
"Liberal",277,"tpm"
"Conservative",116,"at"
"Liberal",8,"db"
"Liberal",182,"db"
"Conservative",275,"ha"
"Conservative",364,"at"
"Liberal",126,"db"
"Liberal",177,"tpm"
"Liberal",129,"tp"
"Conservative",358,"at"
"Conservative",26,"at"
"Liberal",70,"tp"
"Conservative",251,"ha"
"Conservative",26,"at"
"Conservative",324,"at"
"Conservative",273,"ha"
"Conservative",357,"ha"
"Liberal",254,"tp"
"Conservative",58,"mm"
"Conservative",38,"mm"
"Conservative",84,"ha"
"Conservative",175,"ha"
"Conservative",358,"ha"
"Conservative",80,"at"
"Conservative",263,"at"
"Conservative",351,"ha"
"Liberal",190,"tpm"
"Conservative",61,"ha"
"Conservative",332,"ha"
"Liberal",211,"db"
"Liberal",9,"db"
"Conservative",308,"ha"
"Liberal",159,"db"
"Liberal",192,"tpm"
"Conservative",342,"ha"
"Conservative",286,"at"
"Liberal",275,"tp"
"Liberal",174,"tp"
"Conservative",164,"at"
"Conservative",287,"at"
"Conservative",148,"ha"
"Conservative",337,"at"
"Conservative",280,"ha"
"Liberal",56,"tp"
"Liberal",141,"db"
"Liberal",121,"db"
"Conservative",341,"at"
"Conservative",260,"at"
"Conservative",208,"ha"
"Liberal",301,"tp"
"Liberal",266,"db"
"Liberal",293,"db"
"Conservative",30,"ha"
"Conservative",224,"ha"
"Conservative",199,"ha"
"Liberal",42,"tp"
"Conservative",273,"ha"
"Conservative",303,"at"
"Conservative",295,"at"
"Liberal",14,"tpm"
"Liberal",309,"tp"
"Conservative",190,"at"
"Conservative",189,"ha"
"Conservative",9,"at"
"Conservative",150,"ha"
"Conservative",267,"at"
"Conservative",301,"at"
"Conservative",239,"ha"
"Conservative",123,"mm"
"Conservative",136,"at"
"Conservative",324,"ha"
"Liberal",300,"tpm"
"Liberal",208,"db"
"Conservative",109,"at"
"Conservative",241,"mm"
"Liberal",145,"db"
"Conservative",7,"at"
"Liberal",249,"tp"
"Conservative",147,"at"
"Conservative",169,"at"
"Liberal",169,"tp"
"Conservative",96,"ha"
"Liberal",274,"tpm"
"Liberal",283,"db"
"Liberal",291,"tp"
"Conservative",137,"at"
"Conservative",140,"ha"
"Conservative",199,"ha"
"Liberal",293,"tpm"
"Conservative",104,"mm"
"Conservative",250,"at"
"Conservative",43,"ha"
"Liberal",269,"tp"
"Conservative",268,"ha"
"Conservative",137,"ha"
"Conservative",268,"ha"
"Conservative",197,"at"
"Liberal",295,"db"
"Conservative",234,"ha"
"Conservative",150,"ha"
"Conservative",211,"ha"
"Liberal",170,"tpm"
"Conservative",157,"at"
"Conservative",273,"ha"
"Liberal",347,"db"
"Conservative",211,"ha"
"Liberal",266,"db"
"Conservative",70,"ha"
"Liberal",224,"db"
"Conservative",118,"at"
"Conservative",228,"ha"
"Liberal",271,"tpm"
"Liberal",266,"db"
"Conservative",125,"ha"
"Conservative",253,"at"
"Conservative",59,"mm"
"Liberal",303,"db"
"Conservative",274,"ha"
"Conservative",36,"at"
"Conservative",5,"at"
"Conservative",290,"at"
"Conservative",78,"ha"
"Conservative",232,"ha"
"Liberal",257,"tpm"
"Conservative",333,"ha"
"Liberal",334,"db"
"Conservative",232,"ha"
"Liberal",149,"tp"
"Conservative",78,"ha"
"Liberal",319,"tp"
"Liberal",245,"db"
"Liberal",300,"db"
"Conservative",215,"at"
"Conservative",68,"ha"
"Conservative",297,"at"
"Conservative",248,"ha"
"Conservative",35,"ha"
"Liberal",247,"db"
"Conservative",260,"ha"
"Conservative",256,"at"
"Conservative",219,"ha"
"Conservative",120,"at"
"Conservative",275,"ha"
"Conservative",195,"ha"
"Conservative",207,"at"
"Conservative",109,"ha"
"Conservative",122,"mm"
"Liberal",150,"tp"
"Conservative",148,"ha"
"Conservative",243,"at"
"Conservative",292,"at"
"Liberal",154,"tp"
"Conservative",117,"ha"
"Conservative",342,"at"
"Liberal",347,"db"
"Liberal",234,"db"
"Liberal",150,"tpm"
"Liberal",182,"tpm"
"Conservative",263,"ha"
"Liberal",310,"db"
"Conservative",289,"ha"
"Conservative",224,"ha"
"Conservative",142,"ha"
"Conservative",241,"ha"
"Conservative",59,"ha"
"Conservative",147,"at"
"Liberal",16,"tpm"
"Conservative",165,"mm"
"Conservative",320,"ha"
"Conservative",112,"ha"
"Liberal",299,"tpm"
"Conservative",162,"ha"
"Liberal",259,"db"
"Liberal",178,"db"
"Liberal",184,"tp"
"Conservative",134,"ha"
"Conservative",310,"ha"
"Conservative",357,"at"
"Conservative",339,"ha"
"Conservative",278,"ha"
"Conservative",226,"ha"
"Liberal",297,"db"
"Liberal",336,"tp"
"Liberal",315,"tpm"
"Liberal",160,"tp"
"Liberal",343,"tp"
"Conservative",307,"ha"
"Liberal",19,"tpm"
"Liberal",232,"db"
"Liberal",177,"db"
"Liberal",28,"tp"
"Conservative",42,"at"
"Conservative",142,"mm"
"Liberal",364,"db"
"Conservative",142,"ha"
"Conservative",330,"at"
"Liberal",109,"tpm"
"Conservative",240,"ha"
"Conservative",8,"at"
"Liberal",227,"tpm"
"Conservative",161,"at"
"Liberal",61,"tp"
"Conservative",351,"ha"
"Liberal",122,"tp"
"Liberal",218,"tpm"
"Conservative",331,"at"
"Conservative",334,"at"
"Liberal",173,"tp"
"Conservative",340,"ha"
"Liberal",301,"tp"
"Liberal",2,"db"
"Liberal",228,"tp"
"Liberal",10,"db"
"Liberal",260,"tpm"
"Conservative",162,"mm"
"Conservative",127,"at"
"Conservative",3,"ha"
"Conservative",212,"ha"
"Conservative",308,"ha"
"Conservative",252,"at"
"Conservative",351,"ha"
"Liberal",225,"tp"
"Liberal",53,"db"
"Conservative",15,"at"
"Liberal",258,"db"
"Liberal",185,"tpm"
"Liberal",252,"tpm"
"Conservative",127,"ha"
"Liberal",150,"tpm"
"Liberal",19,"tpm"
"Liberal",313,"db"
"Conservative",60,"at"
"Conservative",139,"at"
"Conservative",308,"at"
"Liberal",224,"tpm"
"Conservative",184,"mm"
"Conservative",252,"at"
"Conservative",257,"at"
"Conservative",253,"at"
"Conservative",302,"ha"
"Conservative",182,"ha"
"Conservative",298,"ha"
"Liberal",281,"db"
"Conservative",109,"ha"
"Liberal",187,"db"
"Conservative",179,"mm"
"Liberal",255,"tpm"
"Conservative",365,"ha"
"Liberal",176,"tp"
"Liberal",336,"tp"
"Conservative",267,"at"
"Liberal",318,"tp"
"Conservative",176,"ha"
"Conservative",341,"at"
"Conservative",115,"mm"
"Liberal",279,"db"
"Conservative",156,"ha"
"Conservative",221,"at"
"Conservative",219,"ha"
"Conservative",318,"at"
"Conservative",242,"at"
"Liberal",298,"tp"
"Conservative",58,"at"
"Conservative",82,"at"
"Liberal",346,"db"
"Conservative",270,"ha"
"Conservative",88,"at"
"Liberal",218,"db"
"Liberal",263,"db"
"Conservative",353,"ha"
"Liberal",92,"db"
"Conservative",108,"at"
"Conservative",299,"at"
"Conservative",108,"mm"
"Conservative",133,"ha"
"Liberal",329,"tpm"
"Conservative",72,"ha"
"Conservative",323,"at"
"Liberal",164,"tpm"
"Liberal",344,"db"
"Conservative",10,"ha"
"Liberal",144,"db"
"Conservative",140,"ha"
"Conservative",294,"at"
"Liberal",199,"tp"
"Liberal",163,"tp"
"Conservative",85,"ha"
"Liberal",126,"tpm"
"Conservative",85,"ha"
"Liberal",226,"db"
"Conservative",227,"ha"
"Liberal",225,"tpm"
"Liberal",228,"db"
"Liberal",275,"tp"
"Conservative",270,"mm"
"Conservative",357,"ha"
"Conservative",257,"at"
"Liberal",311,"tpm"
"Conservative",254,"mm"
"Liberal",302,"db"
"Conservative",49,"ha"
"Liberal",23,"tpm"
"Conservative",186,"ha"
"Conservative",144,"at"
"Conservative",211,"ha"
"Conservative",248,"ha"
"Liberal",316,"tpm"
"Liberal",87,"tp"
"Liberal",282,"tp"
"Conservative",33,"at"
"Liberal",67,"tp"
"Liberal",309,"tpm"
"Conservative",302,"at"
"Liberal",345,"tp"
"Liberal",31,"tpm"
"Conservative",304,"ha"
"Conservative",357,"at"
"Conservative",86,"at"
"Conservative",79,"at"
"Conservative",149,"ha"
"Conservative",319,"ha"
"Liberal",309,"tpm"
"Conservative",204,"at"
"Conservative",22,"ha"
"Conservative",239,"ha"
"Conservative",306,"at"
"Liberal",258,"db"
"Conservative",39,"ha"
"Conservative",348,"ha"
"Conservative",283,"at"
"Conservative",261,"at"
"Conservative",176,"ha"
"Conservative",67,"ha"
"Liberal",255,"db"
"Conservative",244,"ha"
"Conservative",243,"ha"
"Liberal",143,"tp"
"Conservative",224,"ha"
"Liberal",53,"tp"
"Conservative",107,"ha"
"Liberal",170,"tpm"
"Conservative",11,"at"
"Conservative",77,"ha"
"Conservative",178,"ha"
"Liberal",191,"db"
"Liberal",271,"db"
"Conservative",157,"ha"
"Conservative",362,"at"
"Conservative",54,"ha"
"Liberal",261,"tp"
"Conservative",120,"ha"
"Conservative",51,"at"
"Conservative",306,"at"
"Conservative",133,"ha"
"Conservative",278,"at"
"Liberal",126,"tpm"
"Liberal",364,"tpm"
"Liberal",46,"db"
"Liberal",27,"tp"
"Conservative",225,"ha"
"Conservative",301,"at"
"Conservative",253,"at"
"Conservative",240,"at"
"Conservative",39,"at"
"Conservative",154,"ha"
"Conservative",207,"ha"
"Liberal",319,"db"
"Conservative",261,"ha"
"Liberal",175,"tpm"
"Liberal",336,"tpm"
"Conservative",137,"ha"
"Conservative",41,"at"
"Conservative",345,"ha"
"Conservative",10,"mm"
"Liberal",358,"db"
"Conservative",57,"ha"
"Liberal",196,"tp"
"Liberal",97,"db"
"Conservative",49,"at"
"Conservative",133,"at"
"Conservative",186,"at"
"Liberal",334,"tp"
"Conservative",126,"ha"
"Liberal",166,"db"
"Conservative",17,"at"
"Liberal",14,"db"
"Conservative",139,"mm"
"Liberal",53,"db"
"Liberal",168,"tpm"
"Conservative",284,"at"
"Conservative",256,"ha"
"Conservative",111,"ha"
"Liberal",296,"tp"
"Conservative",10,"at"
"Conservative",228,"ha"
"Conservative",292,"ha"
"Conservative",43,"ha"
"Conservative",150,"ha"
"Conservative",268,"at"
"Liberal",28,"tp"
"Liberal",12,"db"
"Liberal",123,"tp"
"Liberal",266,"tpm"
"Conservative",187,"ha"
"Conservative",207,"at"
"Conservative",62,"at"
"Liberal",328,"db"
"Conservative",178,"ha"
"Conservative",66,"at"
"Conservative",362,"mm"
"Liberal",178,"tpm"
"Conservative",210,"ha"
"Conservative",65,"at"
"Liberal",308,"tp"
"Liberal",227,"db"
"Conservative",314,"ha"
"Conservative",131,"at"
"Conservative",178,"mm"
"Conservative",346,"ha"
"Conservative",60,"at"
"Liberal",155,"db"
"Liberal",7,"db"
"Liberal",210,"tpm"
"Conservative",60,"ha"
"Conservative",150,"ha"
"Conservative",204,"ha"
"Conservative",325,"ha"
"Conservative",323,"ha"
"Conservative",355,"at"
"Liberal",71,"db"
"Conservative",151,"at"
"Conservative",255,"ha"
"Conservative",96,"at"
"Liberal",290,"tp"
"Conservative",191,"mm"
"Conservative",297,"ha"
"Conservative",336,"ha"
"Liberal",127,"tp"
"Liberal",64,"db"
"Liberal",305,"tpm"
"Liberal",17,"tp"
"Liberal",236,"tp"
"Liberal",354,"db"
"Conservative",121,"ha"
"Conservative",34,"at"
"Conservative",15,"at"
"Conservative",156,"mm"
"Conservative",348,"ha"
"Liberal",351,"tp"
"Conservative",154,"at"
"Liberal",57,"db"
"Conservative",189,"ha"
"Liberal",122,"tp"
"Conservative",146,"mm"
"Conservative",43,"at"
"Conservative",121,"ha"
"Conservative",197,"ha"
"Liberal",234,"tpm"
"Liberal",253,"tp"
"Conservative",64,"at"
"Conservative",334,"at"
"Conservative",79,"at"
"Liberal",95,"db"
"Conservative",58,"ha"
"Liberal",343,"tp"
"Conservative",239,"at"
"Liberal",284,"tp"
"Conservative",74,"mm"
"Conservative",323,"ha"
"Liberal",75,"db"
"Conservative",106,"at"
"Conservative",246,"at"
"Liberal",218,"tp"
"Conservative",343,"at"
"Conservative",342,"at"
"Liberal",127,"db"
"Conservative",149,"at"
"Liberal",1,"db"
"Conservative",161,"ha"
"Conservative",167,"at"
"Conservative",298,"mm"
"Conservative",161,"ha"
"Conservative",231,"ha"
"Conservative",17,"at"
"Conservative",243,"ha"
"Liberal",152,"tpm"
"Conservative",215,"ha"
"Conservative",101,"ha"
"Liberal",123,"tpm"
"Conservative",170,"at"
"Conservative",228,"mm"
"Liberal",228,"tp"
"Liberal",274,"tpm"
"Liberal",211,"db"
"Conservative",290,"ha"
"Liberal",241,"db"
"Conservative",239,"at"
"Conservative",265,"at"
"Liberal",286,"tp"
"Liberal",163,"tpm"
"Conservative",269,"ha"
"Conservative",197,"mm"
"Conservative",339,"ha"
"Liberal",273,"tpm"
"Liberal",275,"tpm"
"Liberal",190,"db"
"Liberal",255,"tp"
"Conservative",319,"ha"
"Liberal",51,"tp"
"Liberal",290,"db"
"Liberal",176,"tpm"
"Conservative",176,"ha"
"Conservative",154,"ha"
"Liberal",331,"tpm"
"Liberal",104,"db"
"Conservative",245,"ha"
"Conservative",181,"at"
"Conservative",59,"at"
"Liberal",309,"db"
"Conservative",128,"ha"
"Liberal",106,"db"
"Liberal",54,"tp"
"Liberal",129,"tp"
"Liberal",266,"tp"
"Conservative",318,"ha"
"Liberal",53,"tp"
"Conservative",323,"ha"
"Conservative",10,"at"
"Liberal",307,"db"
"Conservative",211,"ha"
"Liberal",17,"tpm"
"Conservative",175,"ha"
"Conservative",202,"ha"
"Liberal",277,"db"
"Conservative",114,"at"
"Conservative",281,"at"
"Liberal",50,"tp"
"Liberal",346,"tpm"
"Liberal",286,"db"
"Conservative",330,"ha"
"Conservative",260,"ha"
"Liberal",273,"tpm"
"Liberal",286,"db"
"Liberal",64,"tp"
"Conservative",79,"ha"
"Conservative",287,"at"
"Liberal",206,"tp"
"Conservative",290,"at"
"Liberal",212,"tp"
"Liberal",267,"tp"
"Liberal",37,"tp"
"Conservative",212,"ha"
"Liberal",217,"tp"
"Conservative",297,"ha"
"Conservative",339,"mm"
"Conservative",49,"at"
"Conservative",209,"ha"
"Liberal",28,"tp"
"Conservative",204,"ha"
"Conservative",228,"mm"
"Conservative",353,"at"
"Liberal",119,"db"
"Conservative",9,"at"
"Liberal",202,"db"
"Conservative",83,"ha"
"Liberal",310,"tpm"
"Conservative",327,"at"
"Conservative",232,"ha"
"Conservative",94,"at"
"Liberal",255,"tpm"
"Liberal",280,"tp"
"Liberal",361,"tp"
"Conservative",170,"ha"
"Liberal",238,"tp"
"Liberal",361,"tp"
"Conservative",153,"ha"
"Conservative",123,"ha"
"Conservative",317,"mm"
"Conservative",222,"at"
"Liberal",126,"tp"
"Liberal",276,"tp"
"Liberal",296,"tp"
"Liberal",149,"tp"
"Conservative",269,"ha"
"Conservative",180,"at"
"Conservative",234,"at"
"Conservative",188,"at"
"Liberal",357,"db"
"Liberal",114,"db"
"Liberal",290,"tpm"
"Conservative",190,"ha"
"Liberal",176,"tp"
"Liberal",85,"tp"
"Liberal",3,"tp"
"Liberal",175,"tp"
"Conservative",18,"at"
"Conservative",262,"ha"
"Conservative",165,"ha"
"Conservative",98,"ha"
"Liberal",305,"tp"
"Conservative",312,"mm"
"Liberal",80,"tp"
"Conservative",119,"mm"
"Liberal",58,"db"
"Conservative",163,"at"
"Conservative",177,"ha"
"Conservative",71,"ha"
"Liberal",311,"tpm"
"Conservative",120,"ha"
"Conservative",260,"at"
"Liberal",193,"db"
"Conservative",188,"at"
"Conservative",297,"mm"
"Conservative",193,"at"
"Conservative",74,"ha"
"Conservative",239,"ha"
"Conservative",122,"ha"
"Conservative",266,"at"
"Liberal",224,"tp"
"Conservative",137,"mm"
"Liberal",56,"tpm"
"Liberal",85,"tp"
"Conservative",66,"ha"
"Liberal",96,"db"
"Conservative",100,"at"
"Conservative",106,"ha"
"Liberal",119,"tpm"
"Conservative",197,"ha"
"Conservative",283,"ha"
"Liberal",257,"tp"
"Conservative",258,"at"
"Conservative",225,"at"
"Conservative",159,"at"
"Liberal",65,"tpm"
"Conservative",313,"at"
"Conservative",63,"ha"
"Conservative",162,"at"
"Conservative",96,"mm"
"Liberal",179,"db"
"Conservative",355,"ha"
"Liberal",139,"tp"
"Liberal",217,"tp"
"Liberal",204,"tp"
"Conservative",214,"ha"
"Liberal",303,"tpm"
"Conservative",283,"at"
"Liberal",65,"tp"
"Conservative",243,"ha"
"Conservative",106,"at"
"Conservative",285,"at"
"Liberal",324,"tp"
"Conservative",240,"mm"
"Conservative",64,"ha"
"Conservative",351,"ha"
"Conservative",237,"ha"
"Conservative",276,"mm"
"Conservative",86,"at"
"Liberal",267,"db"
"Liberal",289,"tpm"
"Liberal",244,"tp"
"Liberal",270,"tp"
"Conservative",185,"at"
"Liberal",274,"db"
"Liberal",276,"db"
"Conservative",255,"ha"
"Conservative",243,"ha"
"Conservative",354,"at"
"Conservative",90,"ha"
"Liberal",209,"db"
"Liberal",2,"db"
"Conservative",92,"ha"
"Liberal",351,"db"
"Liberal",295,"db"
"Liberal",69,"tp"
"Conservative",58,"at"
"Conservative",362,"at"
"Liberal",198,"tp"
"Conservative",311,"at"
"Liberal",305,"tp"
"Liberal",129,"tpm"
"Conservative",32,"ha"
"Liberal",46,"tpm"
"Liberal",243,"tpm"
"Conservative",66,"ha"
"Liberal",89,"tp"
"Conservative",218,"ha"
"Liberal",65,"db"
"Conservative",238,"ha"
"Liberal",270,"tpm"
"Conservative",155,"at"
"Liberal",20,"tp"
"Conservative",224,"ha"
"Conservative",23,"at"
"Liberal",70,"db"
"Conservative",145,"ha"
"Liberal",340,"tp"
"Conservative",326,"mm"
"Liberal",308,"db"
"Conservative",317,"ha"
"Liberal",280,"tpm"
"Liberal",204,"db"
"Conservative",81,"at"
"Liberal",249,"tpm"
"Liberal",161,"tp"
"Conservative",192,"at"
"Liberal",103,"db"
"Conservative",79,"at"
"Liberal",80,"tpm"
"Liberal",35,"tp"
"Conservative",312,"ha"
"Conservative",84,"at"
"Conservative",355,"ha"
"Liberal",260,"tpm"
"Conservative",157,"at"
"Conservative",121,"at"
"Conservative",351,"at"
"Liberal",302,"db"
"Liberal",254,"db"
"Conservative",223,"ha"
"Liberal",15,"tp"
"Liberal",261,"tpm"
"Conservative",247,"ha"
"Liberal",43,"tp"
"Conservative",74,"ha"
"Liberal",130,"db"
"Conservative",347,"at"
"Conservative",3,"ha"
"Liberal",196,"tp"
"Conservative",309,"ha"
"Liberal",119,"db"
"Liberal",249,"tpm"
"Liberal",259,"tp"
"Conservative",29,"at"
"Conservative",3,"ha"
"Conservative",291,"at"
"Conservative",306,"at"
"Conservative",130,"mm"
"Conservative",62,"ha"
"Conservative",126,"ha"
"Conservative",207,"ha"
"Conservative",231,"ha"
"Liberal",74,"tp"
"Conservative",340,"at"
"Conservative",191,"ha"
"Conservative",345,"ha"
"Conservative",346,"at"
"Conservative",50,"ha"
"Liberal",331,"db"
"Liberal",241,"tp"
"Conservative",315,"ha"
"Liberal",193,"db"
"Liberal",161,"tp"
"Conservative",144,"at"
"Conservative",249,"ha"
"Conservative",5,"ha"
"Conservative",311,"at"
"Conservative",133,"ha"
"Liberal",81,"tpm"
"Liberal",59,"tpm"
"Conservative",336,"at"
"Conservative",354,"mm"
"Conservative",300,"at"
"Conservative",186,"at"
"Conservative",245,"ha"
"Liberal",240,"db"
"Liberal",275,"tp"
"Conservative",242,"ha"
"Conservative",287,"at"
"Conservative",166,"at"
"Conservative",20,"at"
"Conservative",44,"at"
"Liberal",343,"tp"
"Liberal",304,"tp"
"Conservative",122,"at"
"Conservative",99,"ha"
"Conservative",144,"at"
"Liberal",306,"tpm"
"Conservative",19,"ha"
"Liberal",300,"tp"
"Conservative",247,"ha"
"Conservative",37,"mm"
"Conservative",169,"at"
"Liberal",365,"tp"
"Conservative",184,"at"
"Conservative",267,"at"
"Conservative",321,"at"
"Conservative",74,"ha"
"Liberal",283,"db"
"Liberal",274,"db"
"Conservative",179,"ha"
"Liberal",122,"tp"
"Liberal",210,"tp"
"Conservative",343,"at"
"Conservative",73,"ha"
"Conservative",342,"at"
"Conservative",225,"mm"
"Conservative",161,"ha"
"Conservative",240,"ha"
"Liberal",210,"tpm"
"Liberal",233,"tp"
"Liberal",145,"db"
"Liberal",305,"tpm"
"Conservative",282,"mm"
"Liberal",340,"tpm"
"Liberal",282,"tp"
"Conservative",101,"at"
"Liberal",15,"tpm"
"Liberal",61,"tpm"
"Conservative",16,"ha"
"Conservative",59,"ha"
"Liberal",189,"tpm"
"Liberal",86,"tpm"
"Conservative",216,"ha"
"Liberal",78,"db"
"Conservative",96,"ha"
"Liberal",231,"tpm"
"Conservative",128,"at"
"Conservative",296,"ha"
"Liberal",176,"db"
"Liberal",221,"db"
"Liberal",52,"tpm"
"Liberal",182,"tpm"
"Liberal",307,"db"
"Liberal",234,"tp"
"Liberal",242,"tp"
"Liberal",347,"tp"
"Conservative",45,"ha"
"Liberal",35,"tp"
"Conservative",76,"ha"
"Conservative",123,"at"
"Liberal",282,"db"
"Liberal",189,"tp"
"Liberal",347,"tp"
"Conservative",274,"ha"
"Conservative",225,"at"
"Conservative",22,"ha"
"Liberal",322,"db"
"Liberal",253,"tpm"
"Conservative",226,"at"
"Conservative",115,"ha"
"Conservative",311,"at"
"Liberal",345,"db"
"Liberal",232,"db"
"Liberal",364,"tp"
"Liberal",56,"tp"
"Liberal",100,"tpm"
"Liberal",325,"tp"
"Conservative",331,"at"
"Conservative",75,"ha"
"Conservative",268,"mm"
"Liberal",25,"tp"
"Conservative",142,"at"
"Conservative",86,"ha"
"Liberal",6,"db"
"Conservative",165,"ha"
"Conservative",233,"ha"
"Conservative",79,"ha"
"Conservative",12,"at"
"Conservative",259,"ha"
"Conservative",280,"at"
"Conservative",107,"at"
"Liberal",249,"tp"
"Conservative",27,"ha"
"Conservative",263,"mm"
"Conservative",347,"at"
"Conservative",262,"ha"
"Liberal",2,"tpm"
"Conservative",256,"ha"
"Conservative",223,"ha"
"Liberal",151,"tpm"
"Liberal",199,"tp"
"Conservative",342,"at"
"Liberal",6,"db"
"Conservative",133,"ha"
"Liberal",361,"db"
"Conservative",192,"ha"
"Liberal",326,"tp"
"Conservative",292,"at"
"Conservative",264,"ha"
"Conservative",357,"ha"
"Conservative",33,"at"
"Liberal",290,"tpm"
"Conservative",213,"ha"
"Liberal",91,"tp"
"Conservative",25,"ha"
"Liberal",171,"tp"
"Liberal",177,"tpm"
"Conservative",275,"ha"
"Conservative",120,"at"
"Liberal",14,"tp"
"Liberal",70,"tp"
"Liberal",24,"tp"
"Conservative",73,"ha"
"Liberal",233,"tp"
"Liberal",127,"tp"
"Liberal",297,"tpm"
"Conservative",30,"ha"
"Conservative",349,"ha"
"Conservative",353,"ha"
"Conservative",206,"mm"
"Liberal",252,"tp"
"Conservative",249,"ha"
"Conservative",109,"at"
"Liberal",107,"tpm"
"Conservative",170,"mm"
"Conservative",229,"at"
"Conservative",249,"ha"
"Conservative",271,"at"
"Liberal",219,"tp"
"Conservative",17,"mm"
"Conservative",9,"ha"
"Conservative",193,"ha"
"Conservative",82,"ha"
"Conservative",311,"ha"
"Liberal",48,"tp"
"Liberal",289,"tp"
"Liberal",361,"db"
"Conservative",226,"ha"
"Conservative",330,"mm"
"Conservative",358,"ha"
"Liberal",169,"db"
"Conservative",301,"ha"
"Conservative",71,"ha"
"Liberal",277,"tp"
"Conservative",10,"at"
"Liberal",318,"tpm"
"Liberal",131,"tp"
"Conservative",81,"at"
"Liberal",2,"tp"
"Conservative",231,"ha"
"Liberal",85,"tp"
"Liberal",263,"tp"
"Conservative",330,"at"
"Liberal",138,"db"
"Conservative",230,"ha"
"Conservative",233,"ha"
"Liberal",365,"db"
"Liberal",165,"tp"
"Conservative",118,"mm"
"Liberal",163,"tp"
"Liberal",283,"tpm"
"Liberal",131,"db"
"Conservative",256,"ha"
"Conservative",106,"ha"
"Liberal",339,"tpm"
"Liberal",3,"tp"
"Liberal",125,"tp"
"Conservative",170,"ha"
"Liberal",253,"tpm"
"Liberal",328,"db"
"Conservative",104,"at"
"Conservative",328,"ha"
"Conservative",115,"ha"
"Conservative",212,"ha"
"Conservative",245,"ha"
"Liberal",80,"tp"
"Conservative",93,"at"
"Liberal",254,"tpm"
"Liberal",239,"tp"
"Liberal",280,"tpm"
"Liberal",194,"db"
"Liberal",307,"db"
"Conservative",291,"ha"
"Conservative",70,"at"
"Conservative",255,"mm"
"Conservative",263,"at"
"Liberal",156,"tp"
"Liberal",154,"tpm"
"Liberal",169,"db"
"Liberal",215,"db"
"Conservative",135,"ha"
"Liberal",347,"db"
"Conservative",252,"ha"
"Conservative",187,"at"
"Liberal",46,"tp"
"Liberal",193,"tp"
"Liberal",180,"tpm"
"Conservative",76,"at"
"Conservative",277,"at"
"Liberal",263,"tpm"
"Conservative",172,"ha"
"Liberal",154,"tp"
"Conservative",71,"mm"
"Conservative",293,"at"
"Conservative",313,"at"
"Liberal",198,"tp"
"Liberal",246,"tp"
"Liberal",191,"tp"
"Liberal",328,"tp"
"Liberal",263,"tpm"
"Conservative",283,"ha"
"Conservative",316,"ha"
"Conservative",238,"at"
"Conservative",328,"at"
"Liberal",258,"db"
"Conservative",193,"ha"
"Conservative",169,"at"
"Liberal",273,"db"
"Liberal",5,"db"
"Conservative",189,"mm"
"Conservative",246,"ha"
"Liberal",315,"db"
"Conservative",165,"ha"
"Liberal",67,"tpm"
"Conservative",121,"mm"
"Liberal",49,"tpm"
"Liberal",28,"tpm"
"Liberal",14,"db"
"Conservative",212,"at"
"Conservative",297,"at"
"Conservative",199,"at"
"Liberal",239,"tpm"
"Liberal",325,"tpm"
"Conservative",323,"at"
"Liberal",191,"tpm"
"Conservative",241,"mm"
"Liberal",318,"db"
"Liberal",256,"tpm"
"Liberal",65,"tp"
"Conservative",75,"at"
"Liberal",347,"tp"
"Liberal",301,"tp"
"Conservative",330,"at"
"Conservative",267,"ha"
"Conservative",295,"at"
"Liberal",235,"tp"
"Liberal",177,"tp"
"Conservative",226,"mm"
"Conservative",240,"ha"
"Liberal",16,"db"
"Liberal",36,"tp"
"Conservative",8,"at"
"Conservative",172,"ha"
"Liberal",37,"db"
"Liberal",95,"tpm"
"Liberal",274,"tp"
"Liberal",223,"db"
"Conservative",312,"at"
"Liberal",347,"tp"
"Liberal",325,"tp"
"Conservative",120,"ha"
"Liberal",277,"tpm"
"Conservative",87,"at"
"Conservative",198,"ha"
"Liberal",148,"db"
"Liberal",29,"tp"
"Liberal",162,"db"
"Conservative",311,"ha"
"Liberal",356,"db"
"Conservative",71,"at"
"Conservative",232,"ha"
"Liberal",161,"db"
"Conservative",150,"at"
"Liberal",218,"tpm"
"Conservative",341,"at"
"Conservative",234,"ha"
"Conservative",340,"ha"
"Liberal",283,"db"
"Conservative",320,"at"
"Liberal",137,"db"
"Conservative",101,"ha"
"Conservative",86,"ha"
"Conservative",56,"at"
"Liberal",343,"tpm"
"Conservative",206,"ha"
"Liberal",210,"tp"
"Conservative",126,"ha"
"Conservative",199,"at"
"Conservative",318,"mm"
"Liberal",157,"tp"
"Conservative",327,"at"
"Conservative",117,"at"
"Liberal",248,"db"
"Conservative",305,"at"
"Conservative",67,"at"
"Conservative",67,"ha"
"Liberal",284,"tp"
"Liberal",312,"tp"
"Conservative",230,"at"
"Liberal",264,"db"
"Liberal",269,"tp"
"Liberal",178,"db"
"Conservative",350,"at"
"Conservative",48,"ha"
"Conservative",227,"ha"
"Conservative",269,"ha"
"Conservative",29,"at"
"Conservative",196,"ha"
"Conservative",272,"mm"
"Liberal",287,"tp"
"Conservative",354,"mm"
"Conservative",218,"at"
"Conservative",38,"at"
"Conservative",76,"ha"
"Liberal",290,"tp"
"Conservative",345,"at"
"Conservative",168,"ha"
"Liberal",262,"db"
"Liberal",351,"tpm"
"Conservative",118,"at"
"Conservative",56,"ha"
"Liberal",249,"tpm"
"Conservative",262,"at"
"Conservative",77,"at"
"Conservative",114,"at"
"Conservative",37,"ha"
"Conservative",240,"at"
"Conservative",91,"ha"
"Liberal",165,"tpm"
"Liberal",141,"db"
"Conservative",337,"ha"
"Liberal",346,"tpm"
"Liberal",43,"tp"
"Conservative",184,"mm"
"Conservative",165,"at"
"Conservative",101,"ha"
"Conservative",172,"ha"
"Conservative",256,"ha"
"Conservative",350,"at"
"Conservative",129,"ha"
"Conservative",107,"ha"
"Conservative",178,"at"
"Conservative",108,"mm"
"Liberal",355,"db"
"Liberal",50,"tp"
"Conservative",314,"ha"
"Liberal",128,"tp"
"Conservative",158,"ha"
"Liberal",278,"db"
"Liberal",268,"tpm"
"Liberal",142,"tp"
"Liberal",199,"tp"
"Liberal",312,"tpm"
"Conservative",292,"at"
"Conservative",219,"at"
"Conservative",306,"ha"
"Liberal",219,"db"
"Liberal",246,"tpm"
"Liberal",52,"tp"
"Conservative",100,"ha"
"Liberal",303,"db"
"Liberal",105,"tpm"
"Conservative",283,"at"
"Conservative",101,"ha"
"Conservative",252,"ha"
"Conservative",345,"mm"
"Liberal",12,"db"
"Conservative",288,"ha"
"Conservative",279,"at"
"Conservative",246,"at"
"Liberal",80,"tpm"
"Liberal",249,"db"
"Conservative",353,"at"
"Liberal",323,"db"
"Conservative",198,"ha"
"Conservative",271,"ha"
"Conservative",170,"ha"
"Conservative",294,"ha"
"Liberal",30,"tpm"
"Conservative",286,"ha"
"Liberal",248,"tpm"
"Liberal",215,"tp"
"Conservative",21,"at"
"Liberal",218,"tp"
"Liberal",277,"tp"
"Conservative",297,"ha"
"Liberal",287,"tpm"
"Liberal",128,"tp"
"Conservative",244,"at"
"Conservative",358,"at"
"Liberal",284,"tp"
"Conservative",147,"at"
"Conservative",282,"ha"
"Conservative",120,"ha"
"Liberal",275,"tp"
"Liberal",218,"tpm"
"Liberal",141,"tp"
"Conservative",317,"ha"
"Conservative",101,"mm"
"Conservative",102,"mm"
"Conservative",39,"at"
"Liberal",287,"tpm"
"Conservative",364,"at"
"Liberal",58,"tp"
"Conservative",123,"at"
"Conservative",170,"ha"
"Conservative",172,"at"
"Liberal",130,"tp"
"Conservative",107,"at"
"Conservative",103,"at"
"Liberal",332,"db"
"Conservative",135,"mm"
"Conservative",173,"at"
"Liberal",274,"tpm"
"Conservative",218,"ha"
"Liberal",12,"tpm"
"Conservative",196,"ha"
"Liberal",320,"db"
"Liberal",21,"db"
"Liberal",296,"tp"
"Liberal",22,"tp"
"Liberal",27,"tp"
"Liberal",148,"tpm"
"Conservative",86,"at"
"Conservative",295,"ha"
"Liberal",291,"db"
"Conservative",98,"mm"
"Conservative",121,"ha"
"Conservative",6,"at"
"Liberal",70,"tp"
"Conservative",197,"ha"
"Liberal",192,"tp"
"Conservative",211,"at"
"Conservative",24,"at"
"Liberal",135,"tp"
"Liberal",141,"db"
"Conservative",300,"at"
"Conservative",249,"at"
"Conservative",339,"at"
"Conservative",256,"ha"
"Conservative",61,"at"
"Conservative",139,"at"
"Liberal",200,"tpm"
"Liberal",80,"db"
"Conservative",303,"ha"
"Conservative",120,"ha"
"Conservative",198,"ha"
"Liberal",84,"tp"
"Liberal",32,"db"
"Conservative",234,"ha"
"Conservative",120,"ha"
"Conservative",137,"at"
"Conservative",4,"ha"
"Conservative",119,"ha"
"Liberal",192,"tpm"
"Liberal",322,"tp"
"Liberal",239,"tpm"
"Conservative",148,"at"
"Conservative",252,"ha"
"Conservative",134,"at"
"Conservative",194,"ha"
"Conservative",253,"ha"
"Conservative",338,"at"
"Conservative",153,"at"
"Liberal",198,"tpm"
"Conservative",126,"at"
"Liberal",77,"tpm"
"Liberal",341,"db"
"Conservative",351,"at"
"Conservative",270,"mm"
"Conservative",346,"ha"
"Liberal",303,"tpm"
"Conservative",135,"mm"
"Liberal",125,"db"
"Liberal",306,"tpm"
"Conservative",254,"ha"
"Liberal",132,"db"
"Liberal",66,"tpm"
"Liberal",74,"tpm"
"Liberal",82,"db"
"Conservative",152,"at"
"Conservative",269,"ha"
"Liberal",291,"db"
"Conservative",211,"ha"
"Conservative",208,"at"
"Liberal",261,"tp"
"Conservative",203,"at"
"Liberal",298,"tp"
"Conservative",254,"ha"
"Conservative",24,"at"
"Liberal",99,"db"
"Liberal",333,"db"
"Liberal",232,"tpm"
"Conservative",127,"ha"
"Liberal",250,"db"
"Liberal",105,"db"
"Conservative",269,"ha"
"Liberal",174,"db"
"Conservative",43,"ha"
"Conservative",345,"at"
"Conservative",51,"ha"
"Liberal",269,"tp"
"Liberal",257,"db"
"Conservative",13,"ha"
"Liberal",128,"tp"
"Conservative",260,"ha"
"Conservative",70,"at"
"Conservative",217,"at"
"Conservative",228,"ha"
"Conservative",88,"ha"
"Conservative",174,"at"
"Conservative",257,"mm"
"Liberal",220,"tp"
"Conservative",126,"ha"
"Conservative",175,"at"
"Conservative",121,"at"
"Conservative",217,"ha"
"Conservative",289,"ha"
"Liberal",328,"tp"
"Conservative",106,"ha"
"Liberal",25,"tpm"
"Conservative",66,"at"
"Liberal",292,"db"
"Conservative",5,"mm"
"Liberal",271,"db"
"Conservative",126,"mm"
"Conservative",97,"ha"
"Conservative",341,"at"
"Liberal",337,"tp"
"Liberal",278,"tp"
"Liberal",118,"db"
"Liberal",15,"db"
"Conservative",231,"ha"
"Conservative",309,"ha"
"Liberal",334,"db"
"Liberal",163,"db"
"Conservative",167,"ha"
"Liberal",193,"tpm"
"Conservative",124,"mm"
"Conservative",220,"at"
"Liberal",140,"tpm"
"Conservative",208,"mm"
"Liberal",242,"tpm"
"Conservative",178,"ha"
"Liberal",85,"tpm"
"Liberal",154,"db"
"Conservative",234,"ha"
"Conservative",190,"at"
"Conservative",121,"ha"
"Conservative",74,"mm"
"Conservative",343,"ha"
"Conservative",139,"at"
"Conservative",122,"ha"
"Conservative",181,"ha"
"Liberal",60,"tp"
"Conservative",361,"at"
"Conservative",60,"ha"
"Liberal",197,"tp"
"Liberal",307,"tpm"
"Conservative",204,"at"
"Conservative",251,"at"
"Conservative",351,"at"
"Liberal",276,"db"
"Liberal",21,"tpm"
"Conservative",302,"ha"
"Conservative",142,"ha"
"Liberal",4,"tp"
"Conservative",185,"mm"
"Liberal",364,"tpm"
"Liberal",305,"tp"
"Conservative",361,"ha"
"Conservative",301,"ha"
"Liberal",140,"tpm"
"Conservative",16,"ha"
"Conservative",346,"ha"
"Liberal",108,"tpm"
"Conservative",224,"at"
"Conservative",10,"ha"
"Liberal",279,"tp"
"Liberal",109,"tpm"
"Liberal",312,"tp"
"Conservative",109,"ha"
"Conservative",221,"ha"
"Liberal",291,"tpm"
"Conservative",269,"at"
"Conservative",94,"at"
"Conservative",256,"at"
"Liberal",133,"tpm"
"Liberal",96,"db"
"Conservative",36,"at"
"Conservative",111,"mm"
"Conservative",250,"ha"
"Conservative",103,"ha"
"Conservative",253,"ha"
"Liberal",258,"db"
"Conservative",192,"at"
"Conservative",119,"at"
"Liberal",133,"db"
"Liberal",86,"db"
"Conservative",261,"at"
"Liberal",65,"tpm"
"Liberal",22,"tpm"
"Liberal",106,"tpm"
"Conservative",53,"at"
"Conservative",132,"at"
"Liberal",71,"tp"
"Conservative",24,"at"
"Liberal",171,"tpm"
"Liberal",220,"tpm"
"Conservative",5,"at"
"Liberal",115,"tpm"
"Conservative",207,"ha"
"Liberal",365,"tp"
"Conservative",317,"ha"
"Liberal",115,"tpm"
"Liberal",299,"db"
"Conservative",94,"ha"
"Liberal",352,"tpm"
"Conservative",185,"at"
"Conservative",105,"at"
"Conservative",101,"at"
"Conservative",344,"ha"
"Conservative",328,"ha"
"Conservative",249,"ha"
"Liberal",221,"tpm"
"Liberal",190,"db"
"Conservative",95,"at"
"Conservative",335,"at"
"Conservative",93,"at"
"Liberal",276,"tpm"
"Liberal",248,"db"
"Liberal",122,"tp"
"Liberal",354,"tpm"
"Liberal",221,"tpm"
"Conservative",250,"at"
"Conservative",217,"at"
"Conservative",133,"ha"
"Conservative",323,"ha"
"Conservative",326,"at"
"Liberal",219,"tp"
"Conservative",71,"ha"
"Liberal",183,"tpm"
"Conservative",115,"at"
"Conservative",248,"at"
"Liberal",311,"tp"
"Conservative",315,"at"
"Conservative",297,"ha"
"Liberal",127,"tpm"
"Conservative",154,"ha"
"Liberal",286,"tp"
"Liberal",253,"tp"
"Conservative",62,"ha"
"Conservative",325,"at"
"Liberal",342,"tp"
"Liberal",86,"db"
"Conservative",316,"at"
"Conservative",82,"at"
"Conservative",180,"at"
"Conservative",361,"ha"
"Conservative",276,"mm"
"Liberal",301,"db"
"Conservative",310,"ha"
"Liberal",260,"tpm"
"Conservative",73,"ha"
"Liberal",203,"tp"
"Liberal",225,"tp"
"Conservative",1,"at"
"Liberal",263,"db"
"Conservative",255,"ha"
"Conservative",299,"at"
"Liberal",75,"db"
"Liberal",116,"db"
"Conservative",232,"at"
"Liberal",324,"tp"
"Liberal",24,"tpm"
"Liberal",183,"db"
"Liberal",44,"db"
"Liberal",80,"tp"
"Conservative",53,"at"
"Conservative",267,"ha"
"Liberal",280,"db"
"Liberal",190,"db"
"Conservative",123,"ha"
"Liberal",22,"db"
"Conservative",46,"ha"
"Liberal",125,"db"
"Conservative",120,"ha"
"Conservative",252,"mm"
"Conservative",172,"ha"
"Conservative",123,"ha"
"Liberal",227,"db"
"Conservative",348,"at"
"Conservative",46,"at"
"Conservative",224,"ha"
"Conservative",208,"at"
"Conservative",157,"ha"
"Conservative",123,"ha"
"Conservative",211,"at"
"Liberal",40,"tpm"
"Liberal",224,"tpm"
"Liberal",169,"tpm"
"Conservative",41,"at"
"Conservative",157,"at"
"Liberal",239,"tpm"
"Conservative",237,"ha"
"Liberal",134,"tpm"
"Liberal",16,"db"
"Liberal",140,"tp"
"Conservative",238,"ha"
"Liberal",269,"tpm"
"Conservative",156,"ha"
"Liberal",50,"tp"
"Conservative",340,"at"
"Conservative",175,"ha"
"Liberal",29,"tp"
"Liberal",120,"tpm"
"Liberal",247,"tpm"
"Conservative",255,"ha"
"Conservative",168,"mm"
"Liberal",72,"tp"
"Liberal",290,"tp"
"Conservative",53,"at"
"Liberal",153,"db"
"Liberal",113,"db"
"Conservative",199,"at"
"Liberal",317,"tp"
"Conservative",293,"at"
"Conservative",257,"at"
"Liberal",246,"db"
"Conservative",366,"at"
"Conservative",136,"at"
"Conservative",199,"at"
"Conservative",246,"mm"
"Conservative",276,"ha"
"Conservative",221,"ha"
"Conservative",198,"at"
"Liberal",266,"tpm"
"Conservative",353,"ha"
"Conservative",238,"ha"
"Liberal",16,"tpm"
"Conservative",224,"at"
"Liberal",200,"tp"
"Liberal",45,"tp"
"Conservative",273,"ha"
"Liberal",306,"db"
"Conservative",154,"at"
"Conservative",189,"at"
"Conservative",205,"at"
"Conservative",346,"at"
"Conservative",213,"mm"
"Liberal",322,"db"
"Conservative",282,"ha"
"Conservative",292,"at"
"Conservative",262,"ha"
"Liberal",337,"tp"
"Conservative",364,"at"
"Liberal",134,"tpm"
"Liberal",55,"tp"
"Liberal",329,"tpm"
"Liberal",142,"tp"
"Conservative",109,"mm"
"Conservative",227,"ha"
"Conservative",131,"ha"
"Liberal",357,"db"
"Conservative",166,"ha"
"Conservative",264,"ha"
"Conservative",157,"ha"
"Liberal",214,"tpm"
"Liberal",184,"tp"
"Conservative",257,"ha"
"Conservative",175,"at"
"Conservative",256,"at"
"Conservative",25,"at"
"Conservative",151,"ha"
"Liberal",214,"tp"
"Liberal",53,"tp"
"Conservative",146,"at"
"Liberal",171,"tp"
"Conservative",235,"at"
"Liberal",49,"tp"
"Conservative",284,"ha"
"Liberal",70,"tpm"
"Conservative",93,"ha"
"Liberal",85,"tp"
"Liberal",240,"tpm"
"Conservative",185,"ha"
"Conservative",107,"ha"
"Liberal",268,"tp"
"Conservative",44,"at"
"Conservative",166,"at"
"Conservative",78,"mm"
"Conservative",191,"mm"
"Liberal",126,"db"
"Liberal",167,"tp"
"Conservative",86,"at"
"Conservative",2,"ha"
"Liberal",106,"db"
"Liberal",305,"tpm"
"Conservative",45,"at"
"Liberal",231,"tp"
"Liberal",227,"db"
"Conservative",254,"ha"
"Conservative",60,"at"
"Conservative",304,"ha"
"Conservative",318,"at"
"Conservative",44,"at"
"Conservative",326,"ha"
"Conservative",308,"at"
"Liberal",187,"db"
"Conservative",343,"at"
"Liberal",89,"db"
"Conservative",277,"mm"
"Liberal",352,"tp"
"Liberal",77,"db"
"Liberal",270,"tpm"
"Liberal",328,"tp"
"Liberal",29,"db"
"Conservative",350,"at"
"Conservative",280,"ha"
"Liberal",169,"db"
"Liberal",72,"tpm"
"Liberal",38,"tp"
"Conservative",137,"at"
"Liberal",301,"tpm"
"Liberal",95,"db"
"Liberal",232,"tp"
"Liberal",193,"tp"
"Liberal",161,"tpm"
"Conservative",65,"ha"
"Liberal",295,"db"
"Conservative",228,"ha"
"Liberal",126,"tp"
"Liberal",251,"db"
"Liberal",289,"tp"
"Liberal",239,"tp"
"Liberal",353,"tp"
"Conservative",64,"at"
"Liberal",210,"db"
"Liberal",183,"db"
"Liberal",303,"tpm"
"Conservative",70,"ha"
"Liberal",70,"tp"
"Conservative",171,"ha"
"Liberal",81,"tp"
"Liberal",86,"tp"
"Conservative",7,"at"
"Conservative",366,"at"
"Conservative",262,"at"
"Liberal",87,"tp"
"Conservative",275,"ha"
"Conservative",208,"ha"
"Conservative",183,"at"
"Liberal",238,"tp"
"Liberal",175,"tp"
"Liberal",334,"db"
"Liberal",247,"tp"
"Conservative",312,"ha"
"Liberal",136,"tpm"
"Conservative",274,"at"
"Liberal",52,"tp"
"Liberal",216,"db"
"Liberal",86,"tp"
"Conservative",206,"ha"
"Conservative",280,"at"
"Liberal",38,"db"
"Liberal",329,"tp"
"Conservative",133,"mm"
"Liberal",281,"tp"
"Conservative",340,"at"
"Conservative",75,"at"
"Liberal",149,"tpm"
"Liberal",362,"db"
"Liberal",254,"db"
"Liberal",100,"tpm"
"Liberal",181,"db"
"Conservative",355,"ha"
"Conservative",327,"at"
"Liberal",194,"tp"
"Liberal",24,"db"
"Liberal",323,"tp"
"Conservative",59,"ha"
"Liberal",268,"tpm"
"Conservative",283,"at"
"Liberal",309,"tp"
"Conservative",202,"at"
"Conservative",109,"mm"
"Liberal",136,"tp"
"Conservative",184,"ha"
"Conservative",204,"ha"
"Liberal",238,"tp"
"Liberal",162,"tpm"
"Conservative",66,"mm"
"Liberal",226,"tp"
"Conservative",336,"ha"
"Liberal",86,"tpm"
"Conservative",136,"ha"
"Conservative",106,"at"
"Conservative",226,"ha"
"Conservative",159,"ha"
"Conservative",71,"at"
"Conservative",183,"ha"
"Conservative",92,"at"
"Liberal",210,"tp"
"Liberal",308,"tp"
"Conservative",101,"mm"
"Conservative",222,"at"
"Conservative",255,"mm"
"Conservative",90,"at"
"Liberal",340,"tpm"
"Conservative",153,"ha"
"Liberal",322,"tpm"
"Conservative",156,"ha"
"Liberal",205,"tp"
"Conservative",105,"ha"
"Liberal",261,"tpm"
"Conservative",267,"ha"
"Conservative",22,"at"
"Conservative",292,"ha"
"Liberal",144,"tp"
"Liberal",338,"tpm"
"Conservative",81,"at"
"Liberal",270,"tp"
"Liberal",340,"db"
"Conservative",161,"ha"
"Liberal",162,"tp"
"Liberal",274,"tp"
"Conservative",141,"ha"
"Liberal",220,"tp"
"Liberal",98,"tpm"
"Conservative",361,"at"
"Liberal",212,"tpm"
"Liberal",253,"db"
"Liberal",133,"tp"
"Conservative",195,"at"
"Liberal",306,"tp"
"Liberal",162,"tp"
"Conservative",278,"ha"
"Liberal",257,"db"
"Liberal",303,"tp"
"Conservative",102,"mm"
"Liberal",317,"tpm"
"Conservative",271,"at"
"Conservative",196,"ha"
"Liberal",261,"db"
"Conservative",165,"ha"
"Conservative",155,"at"
"Conservative",198,"ha"
"Liberal",316,"tpm"
"Conservative",178,"at"
"Liberal",97,"db"
"Conservative",2,"at"
"Conservative",275,"ha"
"Conservative",148,"ha"
"Conservative",335,"at"
"Liberal",149,"db"
"Liberal",143,"db"
"Conservative",49,"ha"
"Liberal",326,"db"
"Conservative",139,"at"
"Conservative",86,"ha"
"Conservative",280,"ha"
"Liberal",331,"tpm"
"Liberal",236,"tpm"
"Conservative",70,"at"
"Conservative",239,"ha"
"Conservative",359,"ha"
"Conservative",217,"ha"
"Conservative",351,"at"
"Conservative",45,"mm"
"Conservative",238,"at"
"Liberal",39,"tpm"
"Liberal",366,"tpm"
"Conservative",113,"at"
"Liberal",260,"tp"
"Liberal",284,"tp"
"Liberal",330,"tpm"
"Conservative",239,"ha"
"Conservative",151,"ha"
"Liberal",240,"tpm"
"Conservative",127,"mm"
"Liberal",41,"db"
"Liberal",159,"tpm"
"Liberal",204,"tp"
"Conservative",343,"ha"
"Conservative",37,"ha"
"Conservative",82,"at"
"Conservative",234,"ha"
"Conservative",170,"ha"
"Conservative",270,"at"
"Conservative",98,"ha"
"Conservative",270,"at"
"Liberal",360,"tp"
"Liberal",295,"tp"
"Conservative",268,"at"
"Conservative",329,"ha"
"Liberal",259,"tpm"
"Liberal",254,"tp"
"Conservative",210,"ha"
"Conservative",66,"ha"
"Liberal",2,"tp"
"Conservative",165,"at"
"Liberal",330,"tpm"
"Conservative",292,"at"
"Liberal",309,"db"
"Liberal",161,"tp"
"Conservative",116,"at"
"Liberal",260,"tp"
"Liberal",310,"tpm"
"Conservative",236,"ha"
"Liberal",282,"tp"
"Liberal",272,"tpm"
"Conservative",62,"at"
"Liberal",131,"db"
"Conservative",84,"at"
"Conservative",177,"mm"
"Conservative",29,"at"
"Liberal",7,"db"
"Liberal",205,"db"
"Liberal",169,"tp"
"Conservative",285,"ha"
"Liberal",234,"tpm"
"Conservative",38,"at"
"Conservative",334,"ha"
"Conservative",231,"at"
"Conservative",7,"at"
"Liberal",297,"tpm"
"Liberal",233,"tp"
"Conservative",270,"at"
"Liberal",9,"tpm"
"Conservative",153,"at"
"Conservative",170,"ha"
"Liberal",226,"db"
"Conservative",245,"at"
"Conservative",123,"ha"
"Conservative",184,"ha"
"Conservative",160,"at"
"Conservative",15,"ha"
"Liberal",334,"db"
"Liberal",232,"tp"
"Conservative",352,"at"
"Conservative",226,"ha"
"Conservative",80,"ha"
"Liberal",162,"tp"
"Conservative",79,"ha"
"Conservative",183,"at"
"Conservative",308,"at"
"Liberal",189,"tp"
"Liberal",58,"db"
"Conservative",259,"ha"
"Liberal",143,"tp"
"Conservative",15,"mm"
"Conservative",140,"at"
"Conservative",142,"ha"
"Conservative",107,"at"
"Conservative",163,"at"
"Conservative",259,"at"
"Liberal",337,"tp"
"Conservative",305,"ha"
"Conservative",309,"ha"
"Conservative",51,"at"
"Liberal",329,"tpm"
"Conservative",312,"ha"
"Liberal",289,"tp"
"Liberal",112,"db"
"Conservative",322,"at"
"Conservative",258,"ha"
"Conservative",258,"at"
"Liberal",151,"tp"
"Liberal",231,"tpm"
"Conservative",315,"ha"
"Conservative",309,"ha"
"Liberal",337,"tpm"
"Liberal",268,"db"
"Conservative",297,"ha"
"Liberal",252,"db"
"Liberal",11,"tpm"
"Liberal",284,"tpm"
"Conservative",304,"at"
"Conservative",218,"ha"
"Liberal",177,"tp"
"Conservative",125,"ha"
"Conservative",332,"at"
"Liberal",3,"tp"
"Conservative",235,"ha"
"Liberal",259,"db"
"Conservative",8,"at"
"Liberal",240,"tpm"
"Liberal",130,"tp"
"Conservative",119,"ha"
"Liberal",198,"tp"
"Liberal",245,"tp"
"Liberal",255,"db"
"Conservative",199,"at"
"Liberal",240,"tp"
"Conservative",70,"ha"
"Liberal",354,"tpm"
"Conservative",203,"at"
"Liberal",196,"tpm"
"Conservative",294,"at"
"Conservative",226,"mm"
"Conservative",73,"ha"
"Conservative",310,"mm"
"Conservative",351,"at"
"Liberal",311,"db"
"Liberal",100,"db"
"Conservative",113,"at"
"Conservative",208,"ha"
"Conservative",115,"ha"
"Conservative",143,"ha"
"Conservative",154,"ha"
"Conservative",35,"mm"
"Conservative",101,"ha"
"Liberal",273,"tpm"
"Conservative",8,"ha"
"Conservative",311,"at"
"Conservative",218,"at"
"Conservative",240,"ha"
"Liberal",218,"db"
"Liberal",78,"tp"
"Liberal",81,"db"
"Liberal",206,"db"
"Liberal",241,"tpm"
"Liberal",86,"tpm"
"Conservative",241,"at"
"Liberal",304,"tp"
"Conservative",191,"at"
"Conservative",38,"mm"
"Conservative",291,"ha"
"Liberal",234,"tp"
"Conservative",141,"at"
"Conservative",131,"mm"
"Conservative",245,"at"
"Liberal",290,"db"
"Conservative",362,"ha"
"Conservative",130,"at"
"Liberal",23,"tp"
"Liberal",59,"tpm"
"Liberal",323,"tpm"
"Conservative",352,"at"
"Conservative",266,"at"
"Liberal",259,"tp"
"Conservative",338,"at"
"Conservative",232,"ha"
"Conservative",10,"at"
"Conservative",6,"at"
"Conservative",165,"at"
"Conservative",3,"ha"
"Liberal",140,"tp"
"Liberal",10,"tp"
"Liberal",31,"tp"
"Conservative",289,"mm"
"Conservative",7,"ha"
"Conservative",74,"ha"
"Liberal",183,"tpm"
"Conservative",148,"ha"
"Conservative",193,"at"
"Conservative",172,"ha"
"Conservative",185,"ha"
"Conservative",78,"ha"
"Liberal",365,"tpm"
"Conservative",287,"ha"
"Liberal",8,"db"
"Conservative",168,"ha"
"Liberal",341,"db"
"Conservative",146,"at"
"Liberal",4,"tp"
"Liberal",330,"tpm"
"Liberal",274,"db"
"Conservative",233,"mm"
"Conservative",227,"at"
"Conservative",157,"ha"
"Liberal",154,"tp"
"Liberal",3,"db"
"Conservative",325,"ha"
"Liberal",176,"tp"
"Liberal",144,"tp"
"Liberal",190,"tp"
"Liberal",288,"tpm"
"Conservative",246,"at"
"Conservative",112,"at"
"Liberal",136,"tp"
"Conservative",303,"ha"
"Conservative",234,"ha"
"Conservative",184,"ha"
"Liberal",239,"tp"
"Liberal",254,"tpm"
"Liberal",287,"tpm"
"Conservative",143,"ha"
"Conservative",156,"ha"
"Liberal",240,"tpm"
"Conservative",204,"ha"
"Liberal",365,"tpm"
"Conservative",274,"ha"
"Conservative",23,"at"
"Liberal",220,"tpm"
"Liberal",287,"tpm"
"Liberal",197,"tpm"
"Liberal",53,"tpm"
"Conservative",318,"mm"
"Conservative",107,"at"
"Conservative",218,"at"
"Conservative",168,"ha"
"Conservative",24,"at"
"Conservative",212,"ha"
"Conservative",248,"ha"
"Conservative",364,"at"
"Liberal",218,"tp"
"Conservative",92,"ha"
"Conservative",3,"mm"
"Conservative",346,"mm"
"Liberal",282,"db"
"Conservative",128,"at"
"Conservative",126,"at"
"Liberal",73,"tpm"
"Liberal",155,"tpm"
"Liberal",213,"db"
"Liberal",50,"tpm"
"Liberal",297,"tp"
"Conservative",264,"at"
"Conservative",122,"ha"
"Conservative",200,"ha"
"Conservative",251,"ha"
"Conservative",235,"at"
"Conservative",271,"at"
"Conservative",104,"at"
"Liberal",270,"tp"
"Conservative",69,"ha"
"Liberal",170,"tp"
"Conservative",128,"ha"
"Liberal",337,"tpm"
"Conservative",349,"at"
"Conservative",55,"ha"
"Liberal",91,"tp"
"Conservative",44,"at"
"Liberal",176,"tpm"
"Conservative",185,"at"
"Conservative",61,"at"
"Conservative",215,"ha"
"Conservative",290,"ha"
"Conservative",251,"at"
"Liberal",133,"tp"
"Conservative",114,"ha"
"Conservative",141,"ha"
"Conservative",327,"ha"
"Liberal",351,"db"
"Conservative",276,"at"
"Conservative",83,"at"
"Liberal",291,"tpm"
"Conservative",254,"at"
"Liberal",351,"db"
"Liberal",66,"db"
"Liberal",190,"tpm"
"Liberal",342,"db"
"Conservative",307,"at"
"Liberal",262,"db"
"Liberal",200,"db"
"Liberal",3,"tp"
"Liberal",3,"tp"
"Liberal",40,"tp"
"Conservative",31,"at"
"Liberal",308,"tpm"
"Conservative",142,"ha"
"Liberal",175,"tpm"
"Conservative",301,"at"
"Liberal",296,"tp"
"Liberal",296,"tpm"
"Liberal",260,"tp"
"Liberal",180,"tp"
"Conservative",270,"ha"
"Liberal",18,"db"
"Liberal",43,"db"
"Liberal",285,"db"
"Conservative",365,"at"
"Liberal",313,"tp"
"Conservative",18,"at"
"Conservative",276,"at"
"Conservative",296,"ha"
"Liberal",171,"tp"
"Conservative",270,"at"
"Conservative",252,"at"
"Conservative",218,"ha"
"Conservative",199,"ha"
"Conservative",347,"ha"
"Conservative",200,"at"
